-- MySQL dump 10.13  Distrib 5.6.17, for Win64 (x86_64)
--
-- Host: localhost    Database: biomu
-- ------------------------------------------------------
-- Server version	5.6.15-log

/*!40101 SET @OLD_CHARACTER_SET_CLIENT=@@CHARACTER_SET_CLIENT */;
/*!40101 SET @OLD_CHARACTER_SET_RESULTS=@@CHARACTER_SET_RESULTS */;
/*!40101 SET @OLD_COLLATION_CONNECTION=@@COLLATION_CONNECTION */;
/*!40101 SET NAMES utf8 */;
/*!40103 SET @OLD_TIME_ZONE=@@TIME_ZONE */;
/*!40103 SET TIME_ZONE='+00:00' */;
/*!40014 SET @OLD_UNIQUE_CHECKS=@@UNIQUE_CHECKS, UNIQUE_CHECKS=0 */;
/*!40014 SET @OLD_FOREIGN_KEY_CHECKS=@@FOREIGN_KEY_CHECKS, FOREIGN_KEY_CHECKS=0 */;
/*!40101 SET @OLD_SQL_MODE=@@SQL_MODE, SQL_MODE='NO_AUTO_VALUE_ON_ZERO' */;
/*!40111 SET @OLD_SQL_NOTES=@@SQL_NOTES, SQL_NOTES=0 */;

--
-- Table structure for table `astronauts`
--

DROP TABLE IF EXISTS `astronauts`;
/*!40101 SET @saved_cs_client     = @@character_set_client */;
/*!40101 SET character_set_client = utf8 */;
CREATE TABLE `astronauts` (
  `AstroID` int(11) NOT NULL AUTO_INCREMENT,
  `AstroName` varchar(100) NOT NULL,
  `Age` int(11) NOT NULL,
  `Weight` int(11) NOT NULL,
  PRIMARY KEY (`AstroID`)
) ENGINE=MyISAM AUTO_INCREMENT=1002 DEFAULT CHARSET=latin1;
/*!40101 SET character_set_client = @saved_cs_client */;

--
-- Dumping data for table `astronauts`
--

LOCK TABLES `astronauts` WRITE;
/*!40000 ALTER TABLE `astronauts` DISABLE KEYS */;
INSERT INTO `astronauts` VALUES (1,'Russell Saint Cyr',0,0),(2,'Macy Kuang',0,0),(3,'Damien Galan',0,0),(4,'Michel Burelle',0,0),(5,'Jason Godbout',0,0),(6,'Félix Rousseau',0,0),(7,'Alexis Comberiati',0,0),(8,'Simon Trudeau',0,0),(1001,'Charlie Sheen',0,0);
/*!40000 ALTER TABLE `astronauts` ENABLE KEYS */;
UNLOCK TABLES;

--
-- Table structure for table `pulse`
--

DROP TABLE IF EXISTS `pulse`;
/*!40101 SET @saved_cs_client     = @@character_set_client */;
/*!40101 SET character_set_client = utf8 */;
CREATE TABLE `pulse` (
  `PulseID` int(11) NOT NULL AUTO_INCREMENT,
  `AstroID` int(11) NOT NULL,
  `BPM` int(11) NOT NULL,
  `Timestamp` timestamp NOT NULL DEFAULT CURRENT_TIMESTAMP,
  PRIMARY KEY (`PulseID`)
) ENGINE=MyISAM AUTO_INCREMENT=701 DEFAULT CHARSET=latin1;
/*!40101 SET character_set_client = @saved_cs_client */;

--
-- Dumping data for table `pulse`
--

LOCK TABLES `pulse` WRITE;
/*!40000 ALTER TABLE `pulse` DISABLE KEYS */;
INSERT INTO `pulse` VALUES (1,1,33,'2014-04-12 20:58:27'),(2,1,85,'2014-04-12 21:04:54'),(3,1001,300,'2014-04-13 01:00:40'),(4,1001,44,'2014-04-13 01:01:37'),(5,1001,55,'2014-04-13 01:02:59'),(6,1001,222,'2014-04-13 01:04:34'),(7,1001,55,'2014-04-13 01:06:19'),(8,1001,151,'2014-04-13 01:06:38'),(9,1001,222,'2014-04-13 01:14:36'),(10,1001,222,'2014-04-13 01:14:40'),(11,1001,222,'2014-04-13 01:21:33'),(12,1001,222,'2014-04-13 01:28:59'),(13,1001,222,'2014-04-13 01:29:43'),(14,1001,333,'2014-04-13 01:52:05'),(15,1001,100,'2014-04-13 01:52:25'),(16,1001,111,'2014-04-13 01:53:20'),(17,1001,111,'2014-04-13 01:54:06'),(18,1001,111,'2014-04-13 01:54:18'),(19,1001,111,'2014-04-13 01:54:29'),(20,1001,111,'2014-04-13 01:55:11'),(21,1001,111,'2014-04-13 01:56:30'),(22,1001,111,'2014-04-13 01:56:37'),(23,1001,111,'2014-04-13 01:56:45'),(24,1001,111,'2014-04-13 01:56:52'),(25,1001,111,'2014-04-13 01:56:59'),(26,1001,111,'2014-04-13 01:57:07'),(27,1001,111,'2014-04-13 01:57:14'),(28,1001,111,'2014-04-13 01:57:21'),(29,1001,111,'2014-04-13 01:57:29'),(30,1001,111,'2014-04-13 01:57:36'),(31,1001,111,'2014-04-13 01:57:43'),(32,1001,111,'2014-04-13 01:57:51'),(33,1001,111,'2014-04-13 01:57:58'),(34,1001,111,'2014-04-13 01:58:06'),(35,1001,111,'2014-04-13 01:58:13'),(36,1001,111,'2014-04-13 01:58:20'),(37,1001,111,'2014-04-13 01:58:35'),(38,1001,111,'2014-04-13 01:58:42'),(39,1001,111,'2014-04-13 01:58:50'),(40,1001,111,'2014-04-13 01:58:57'),(41,1001,111,'2014-04-13 01:59:04'),(42,1001,111,'2014-04-13 01:59:12'),(43,1001,111,'2014-04-13 01:59:19'),(44,1001,111,'2014-04-13 01:59:26'),(45,1001,111,'2014-04-13 01:59:34'),(46,1001,111,'2014-04-13 01:59:41'),(47,1001,111,'2014-04-13 01:59:49'),(48,1001,111,'2014-04-13 01:59:57'),(49,1001,111,'2014-04-13 02:00:04'),(50,1001,111,'2014-04-13 02:00:11'),(51,1001,111,'2014-04-13 02:00:19'),(52,1001,111,'2014-04-13 02:00:26'),(53,1001,111,'2014-04-13 02:00:34'),(54,1001,111,'2014-04-13 02:00:41'),(55,1001,111,'2014-04-13 02:00:49'),(56,1001,111,'2014-04-13 02:00:56'),(57,1001,111,'2014-04-13 02:01:03'),(58,1001,111,'2014-04-13 02:01:11'),(59,1001,111,'2014-04-13 02:01:18'),(60,1001,111,'2014-04-13 02:01:26'),(61,1001,111,'2014-04-13 02:01:35'),(62,1001,111,'2014-04-13 02:01:42'),(63,1001,111,'2014-04-13 02:01:49'),(64,1001,111,'2014-04-13 02:01:56'),(65,1001,111,'2014-04-13 02:02:04'),(66,1001,111,'2014-04-13 02:02:11'),(67,1001,111,'2014-04-13 02:02:18'),(68,1001,111,'2014-04-13 02:02:26'),(69,1001,111,'2014-04-13 02:02:33'),(70,1001,111,'2014-04-13 02:02:41'),(71,1001,111,'2014-04-13 02:02:49'),(72,1001,111,'2014-04-13 02:02:56'),(73,1001,111,'2014-04-13 02:03:03'),(74,1001,111,'2014-04-13 02:03:11'),(75,1001,111,'2014-04-13 02:03:18'),(76,1001,111,'2014-04-13 02:03:25'),(77,1001,111,'2014-04-13 02:03:32'),(78,1001,111,'2014-04-13 02:03:40'),(79,1001,111,'2014-04-13 02:03:47'),(80,1001,111,'2014-04-13 02:03:55'),(81,1001,111,'2014-04-13 02:04:02'),(82,1001,111,'2014-04-13 02:04:09'),(83,1001,111,'2014-04-13 02:04:16'),(84,1001,111,'2014-04-13 02:04:24'),(85,1001,111,'2014-04-13 02:04:31'),(86,1001,111,'2014-04-13 02:04:39'),(87,1001,111,'2014-04-13 02:04:46'),(88,1001,111,'2014-04-13 02:04:53'),(89,1001,111,'2014-04-13 02:05:01'),(90,1001,111,'2014-04-13 02:05:08'),(91,1001,1234,'2014-04-13 02:09:53'),(92,1001,123,'2014-04-13 02:12:33'),(93,1001,123,'2014-04-13 02:12:40'),(94,1001,123,'2014-04-13 02:12:49'),(95,1001,123,'2014-04-13 02:12:56'),(96,1001,123,'2014-04-13 02:13:03'),(97,1001,123,'2014-04-13 02:13:10'),(98,1001,123,'2014-04-13 02:13:18'),(99,1001,123,'2014-04-13 02:13:25'),(100,1001,123,'2014-04-13 02:13:32'),(101,1001,123,'2014-04-13 02:13:39'),(102,1001,123,'2014-04-13 02:13:47'),(103,1001,123,'2014-04-13 02:13:54'),(104,1001,123,'2014-04-13 02:14:02'),(105,1001,123,'2014-04-13 02:14:09'),(106,1001,123,'2014-04-13 02:14:16'),(107,1001,123,'2014-04-13 02:14:24'),(108,1001,123,'2014-04-13 02:14:31'),(109,1001,123,'2014-04-13 02:14:38'),(110,1001,123,'2014-04-13 02:14:46'),(111,1001,123,'2014-04-13 02:14:53'),(112,1001,123,'2014-04-13 02:15:00'),(113,1001,123,'2014-04-13 02:15:08'),(114,1001,123,'2014-04-13 02:15:15'),(115,1001,123,'2014-04-13 02:15:23'),(116,1001,123,'2014-04-13 02:15:30'),(117,1001,123,'2014-04-13 02:15:37'),(118,1001,123,'2014-04-13 02:15:45'),(119,1001,123,'2014-04-13 02:15:52'),(120,1001,123,'2014-04-13 02:15:59'),(121,1001,123,'2014-04-13 02:16:07'),(122,1001,123,'2014-04-13 02:16:14'),(123,1001,123,'2014-04-13 02:16:27'),(124,1001,123,'2014-04-13 02:16:35'),(125,1001,123,'2014-04-13 02:16:42'),(126,1001,123,'2014-04-13 02:16:49'),(127,1001,123,'2014-04-13 02:16:57'),(128,1001,123,'2014-04-13 02:17:04'),(129,1001,123,'2014-04-13 02:17:11'),(130,1001,123,'2014-04-13 02:17:15'),(131,1001,123,'2014-04-13 02:17:16'),(132,1001,123,'2014-04-13 02:17:20'),(133,1001,123,'2014-04-13 02:17:28'),(134,1001,123,'2014-04-13 02:17:35'),(135,1001,123,'2014-04-13 02:17:42'),(136,1001,123,'2014-04-13 02:17:50'),(137,1001,123,'2014-04-13 02:17:57'),(138,1001,123,'2014-04-13 02:18:04'),(139,1001,123,'2014-04-13 02:18:12'),(140,1001,123,'2014-04-13 02:18:19'),(141,1001,123,'2014-04-13 02:18:26'),(142,1001,123,'2014-04-13 02:18:34'),(143,1001,123,'2014-04-13 02:18:41'),(144,1001,123,'2014-04-13 02:18:50'),(145,1001,123,'2014-04-13 02:18:57'),(146,1001,123,'2014-04-13 02:19:56'),(147,1001,123,'2014-04-13 02:19:56'),(148,1001,123,'2014-04-13 02:19:56'),(149,1001,123,'2014-04-13 02:19:56'),(150,1001,123,'2014-04-13 02:19:56'),(151,1001,123,'2014-04-13 02:19:56'),(152,1001,123,'2014-04-13 02:19:56'),(153,1001,123,'2014-04-13 02:20:01'),(154,1001,123,'2014-04-13 02:20:08'),(155,1001,123,'2014-04-13 02:20:16'),(156,1001,123,'2014-04-13 02:20:23'),(157,1001,123,'2014-04-13 02:20:30'),(158,1001,123,'2014-04-13 02:20:37'),(159,1001,123,'2014-04-13 02:20:45'),(160,1001,123,'2014-04-13 02:20:52'),(161,1001,123,'2014-04-13 02:20:59'),(162,1001,123,'2014-04-13 02:21:07'),(163,1001,123,'2014-04-13 02:21:14'),(164,1001,123,'2014-04-13 02:21:21'),(165,1001,123,'2014-04-13 02:21:29'),(166,1001,123,'2014-04-13 02:21:36'),(167,1001,123,'2014-04-13 02:21:43'),(168,1001,123,'2014-04-13 02:21:51'),(169,1001,123,'2014-04-13 02:21:58'),(170,1001,123,'2014-04-13 02:22:06'),(171,1001,123,'2014-04-13 02:22:13'),(172,1001,123,'2014-04-13 02:22:21'),(173,1001,123,'2014-04-13 02:22:28'),(174,1001,123,'2014-04-13 02:22:35'),(175,1001,123,'2014-04-13 02:22:43'),(176,1001,123,'2014-04-13 02:22:50'),(177,1001,123,'2014-04-13 02:22:58'),(178,1001,123,'2014-04-13 02:23:05'),(179,1001,123,'2014-04-13 02:23:13'),(180,1001,123,'2014-04-13 02:23:20'),(181,1001,123,'2014-04-13 02:23:27'),(182,1001,123,'2014-04-13 02:23:35'),(183,1001,123,'2014-04-13 02:23:42'),(184,1001,123,'2014-04-13 02:23:50'),(185,1001,123,'2014-04-13 02:23:57'),(186,1001,123,'2014-04-13 02:24:05'),(187,1001,123,'2014-04-13 02:24:12'),(188,1001,123,'2014-04-13 02:24:19'),(189,1001,123,'2014-04-13 02:24:27'),(190,1001,123,'2014-04-13 02:24:34'),(191,1001,123,'2014-04-13 02:24:41'),(192,1001,123,'2014-04-13 02:24:49'),(193,1001,123,'2014-04-13 02:24:56'),(194,1001,123,'2014-04-13 02:25:03'),(195,1001,123,'2014-04-13 02:25:11'),(196,1001,123,'2014-04-13 02:25:18'),(197,1001,123,'2014-04-13 02:25:26'),(198,1001,123,'2014-04-13 02:25:33'),(199,1001,123,'2014-04-13 02:25:40'),(200,1001,123,'2014-04-13 02:25:49'),(201,1001,123,'2014-04-13 02:25:57'),(202,1001,123,'2014-04-13 02:26:04'),(203,1001,123,'2014-04-13 02:26:11'),(204,1001,123,'2014-04-13 02:26:18'),(205,1001,123,'2014-04-13 02:26:26'),(206,1001,123,'2014-04-13 02:26:33'),(207,1001,123,'2014-04-13 02:26:41'),(208,1001,123,'2014-04-13 02:26:49'),(209,1001,123,'2014-04-13 02:26:56'),(210,1001,123,'2014-04-13 02:27:04'),(211,1001,123,'2014-04-13 02:27:11'),(212,1001,123,'2014-04-13 02:27:18'),(213,1001,80,'2014-04-13 02:27:23'),(214,1001,123,'2014-04-13 02:27:25'),(215,1001,123,'2014-04-13 02:27:33'),(216,1001,123,'2014-04-13 02:27:40'),(217,1001,90,'2014-04-13 02:28:34'),(218,1001,456,'2014-04-13 02:30:31'),(219,1001,99,'2014-04-13 02:41:55'),(220,1001,133,'2014-04-13 02:42:00'),(221,1001,133,'2014-04-13 02:42:08'),(222,1001,133,'2014-04-13 02:42:15'),(223,1001,133,'2014-04-13 02:42:23'),(224,1001,133,'2014-04-13 02:42:30'),(225,1001,133,'2014-04-13 02:42:37'),(226,1001,133,'2014-04-13 02:44:10'),(227,1001,133,'2014-04-13 02:44:10'),(228,1001,-5536,'2014-04-13 02:44:10'),(229,1001,133,'2014-04-13 02:44:10'),(230,1001,-5536,'2014-04-13 02:44:37'),(231,1001,-5536,'2014-04-13 02:44:44'),(232,1001,-5536,'2014-04-13 02:44:52'),(233,1001,-5536,'2014-04-13 02:44:59'),(234,1001,-5536,'2014-04-13 02:45:06'),(235,1001,-5536,'2014-04-13 02:45:14'),(236,1001,80,'2014-04-13 13:52:01'),(237,1001,-5536,'2014-04-13 13:52:34'),(238,1001,-5536,'2014-04-13 13:52:41'),(239,1001,-5536,'2014-04-13 13:52:48'),(240,1001,-5536,'2014-04-13 13:52:55'),(241,1001,-5536,'2014-04-13 13:53:02'),(242,1001,-5536,'2014-04-13 13:53:09'),(243,1001,-5536,'2014-04-13 13:53:16'),(244,1001,-5536,'2014-04-13 13:53:23'),(245,1001,-5536,'2014-04-13 13:53:30'),(246,1001,-5536,'2014-04-13 13:53:37'),(247,1001,-5536,'2014-04-13 13:53:44'),(248,1001,-5536,'2014-04-13 13:53:51'),(249,1001,-5536,'2014-04-13 13:53:58'),(250,1001,-5536,'2014-04-13 13:54:05'),(251,1001,-5536,'2014-04-13 13:54:12'),(252,1001,-5536,'2014-04-13 13:54:19'),(253,1001,-5536,'2014-04-13 13:54:26'),(254,1001,-5536,'2014-04-13 13:54:33'),(255,1001,-5536,'2014-04-13 13:54:41'),(256,1001,-5536,'2014-04-13 13:54:48'),(257,1001,-5536,'2014-04-13 13:54:55'),(258,1001,-5536,'2014-04-13 13:55:02'),(259,1001,-5536,'2014-04-13 13:55:09'),(260,1001,-5536,'2014-04-13 13:55:16'),(261,1001,-5536,'2014-04-13 13:55:24'),(262,1001,-5536,'2014-04-13 13:55:31'),(263,1001,-5536,'2014-04-13 13:55:38'),(264,1001,-5536,'2014-04-13 13:55:45'),(265,1001,-5536,'2014-04-13 13:55:52'),(266,1001,-5536,'2014-04-13 13:55:59'),(267,1001,-5536,'2014-04-13 13:56:06'),(268,1001,-5536,'2014-04-13 13:56:13'),(269,1001,-5536,'2014-04-13 13:56:20'),(270,1001,-5536,'2014-04-13 13:56:27'),(271,1001,-5536,'2014-04-13 13:56:34'),(272,1001,-5536,'2014-04-13 13:56:41'),(273,1001,-5536,'2014-04-13 13:56:48'),(274,1001,-5536,'2014-04-13 13:56:55'),(275,1001,-5536,'2014-04-13 13:57:02'),(276,1001,-5536,'2014-04-13 13:57:09'),(277,1001,-5536,'2014-04-13 13:57:16'),(278,1001,-5536,'2014-04-13 13:57:23'),(279,1001,-5536,'2014-04-13 13:57:30'),(280,1001,-5536,'2014-04-13 13:57:37'),(281,1001,-5536,'2014-04-13 13:57:44'),(282,1001,-5536,'2014-04-13 13:57:51'),(283,1001,-5536,'2014-04-13 13:57:58'),(284,1001,-5536,'2014-04-13 13:58:05'),(285,1001,-5536,'2014-04-13 13:58:12'),(286,1001,-5536,'2014-04-13 13:58:19'),(287,1001,-5536,'2014-04-13 13:58:27'),(288,1001,-5536,'2014-04-13 13:58:34'),(289,1001,-5536,'2014-04-13 13:58:41'),(290,1001,-5536,'2014-04-13 13:58:48'),(291,1001,-5536,'2014-04-13 13:58:55'),(292,1001,-5536,'2014-04-13 13:59:02'),(293,1001,-5536,'2014-04-13 13:59:09'),(294,1001,-5536,'2014-04-13 13:59:16'),(295,1001,-5536,'2014-04-13 13:59:23'),(296,1001,-5536,'2014-04-13 13:59:30'),(297,1001,-5536,'2014-04-13 13:59:37'),(298,1001,-5536,'2014-04-13 13:59:44'),(299,1001,-5536,'2014-04-13 13:59:51'),(300,1001,-5536,'2014-04-13 13:59:58'),(301,1001,-5536,'2014-04-13 14:00:05'),(302,1001,-5536,'2014-04-13 14:00:12'),(303,1001,-5536,'2014-04-13 14:00:19'),(304,1001,-5536,'2014-04-13 14:00:26'),(305,1001,-5536,'2014-04-13 14:00:33'),(306,1001,-5536,'2014-04-13 14:00:40'),(307,1001,-5536,'2014-04-13 14:00:48'),(308,1001,-5536,'2014-04-13 14:00:55'),(309,1001,-5536,'2014-04-13 14:01:02'),(310,1001,-5536,'2014-04-13 14:01:09'),(311,1001,-5536,'2014-04-13 14:01:16'),(312,1001,-5536,'2014-04-13 14:01:23'),(313,1001,-5536,'2014-04-13 14:01:30'),(314,1001,-5536,'2014-04-13 14:01:37'),(315,1001,-5536,'2014-04-13 14:01:47'),(316,1001,-5536,'2014-04-13 14:01:53'),(317,1001,-5536,'2014-04-13 14:02:02'),(318,1001,-5536,'2014-04-13 14:02:11'),(319,1001,-5536,'2014-04-13 14:02:20'),(320,1001,-5536,'2014-04-13 14:02:29'),(321,1001,-5536,'2014-04-13 14:02:38'),(322,1001,-5536,'2014-04-13 14:02:47'),(323,1001,-5536,'2014-04-13 14:02:56'),(324,1001,-5536,'2014-04-13 14:03:05'),(325,1001,-5536,'2014-04-13 14:03:14'),(326,1001,-5536,'2014-04-13 14:03:23'),(327,1001,-5536,'2014-04-13 14:03:36'),(328,1001,-5536,'2014-04-13 14:03:45'),(329,1001,-5536,'2014-04-13 14:03:54'),(330,1001,-5536,'2014-04-13 14:04:02'),(331,1001,-5536,'2014-04-13 14:04:11'),(332,1001,-5536,'2014-04-13 14:04:20'),(333,1001,-5536,'2014-04-13 14:04:29'),(334,1001,-5536,'2014-04-13 14:04:38'),(335,1001,-5536,'2014-04-13 14:04:47'),(336,1001,-5536,'2014-04-13 14:04:56'),(337,1001,-5536,'2014-04-13 14:05:05'),(338,1001,-5536,'2014-04-13 14:05:14'),(339,1001,-5536,'2014-04-13 14:05:23'),(340,1001,-5536,'2014-04-13 14:05:44'),(341,1001,-5536,'2014-04-13 14:05:53'),(342,1001,-5536,'2014-04-13 14:06:02'),(343,1001,-5536,'2014-04-13 14:06:11'),(344,1001,-5536,'2014-04-13 14:06:20'),(345,1001,-5536,'2014-04-13 14:06:29'),(346,1001,-5536,'2014-04-13 14:06:38'),(347,1001,-5536,'2014-04-13 14:06:47'),(348,1001,-5536,'2014-04-13 14:06:56'),(349,1001,-5536,'2014-04-13 14:07:15'),(350,1001,-5536,'2014-04-13 14:08:01'),(351,1001,-5536,'2014-04-13 14:08:10'),(352,1001,-5536,'2014-04-13 14:08:19'),(353,1001,-5536,'2014-04-13 14:08:28'),(354,1001,-5536,'2014-04-13 14:08:36'),(355,1001,-5536,'2014-04-13 14:08:45'),(356,1001,-5536,'2014-04-13 14:08:55'),(357,1001,-5536,'2014-04-13 14:09:03'),(358,1001,-5536,'2014-04-13 14:09:12'),(359,1001,-5536,'2014-04-13 14:09:21'),(360,1001,-5536,'2014-04-13 14:09:30'),(361,1001,-5536,'2014-04-13 14:09:39'),(362,1001,-5536,'2014-04-13 14:09:48'),(363,1001,-5536,'2014-04-13 14:09:57'),(364,1001,-5536,'2014-04-13 14:10:06'),(365,1001,-5536,'2014-04-13 14:10:15'),(366,1001,-5536,'2014-04-13 14:10:24'),(367,1001,-5536,'2014-04-13 14:10:33'),(368,1001,-5536,'2014-04-13 14:10:42'),(369,1001,-5536,'2014-04-13 14:10:50'),(370,1001,-5536,'2014-04-13 14:10:59'),(371,1001,-5536,'2014-04-13 14:11:08'),(372,1001,-5536,'2014-04-13 14:11:17'),(373,1001,-5536,'2014-04-13 14:11:26'),(374,1001,-5536,'2014-04-13 14:11:35'),(375,1001,-5536,'2014-04-13 14:11:44'),(376,1001,-5536,'2014-04-13 14:11:53'),(377,1001,-5536,'2014-04-13 14:12:02'),(378,1001,-5536,'2014-04-13 14:12:11'),(379,1001,-5536,'2014-04-13 14:12:20'),(380,1001,-5536,'2014-04-13 14:12:29'),(381,1001,-5536,'2014-04-13 14:12:37'),(382,1001,-5536,'2014-04-13 14:12:46'),(383,1001,-5536,'2014-04-13 14:12:55'),(384,1001,-5536,'2014-04-13 14:13:04'),(385,1001,-5536,'2014-04-13 14:13:13'),(386,1001,-5536,'2014-04-13 14:13:22'),(387,1001,-5536,'2014-04-13 14:13:40'),(388,1001,-5536,'2014-04-13 14:13:49'),(389,1001,-5536,'2014-04-13 14:13:58'),(390,1001,-5536,'2014-04-13 14:14:06'),(391,1001,-5536,'2014-04-13 14:14:15'),(392,1001,-5536,'2014-04-13 14:14:24'),(393,1001,-5536,'2014-04-13 14:14:33'),(394,1001,-5536,'2014-04-13 14:14:45'),(395,1001,-5536,'2014-04-13 14:14:54'),(396,1001,-5536,'2014-04-13 14:15:03'),(397,1001,-5536,'2014-04-13 14:15:12'),(398,1001,-5536,'2014-04-13 14:15:21'),(399,1001,-5536,'2014-04-13 14:15:30'),(400,1001,-5536,'2014-04-13 14:15:39'),(401,1001,-5536,'2014-04-13 14:15:48'),(402,1001,-5536,'2014-04-13 14:15:57'),(403,1001,-5536,'2014-04-13 14:16:06'),(404,1001,-5536,'2014-04-13 14:16:28'),(405,1001,-5536,'2014-04-13 14:16:37'),(406,1001,-5536,'2014-04-13 14:16:46'),(407,1001,-5536,'2014-04-13 14:16:55'),(408,1001,-5536,'2014-04-13 14:17:04'),(409,1001,-5536,'2014-04-13 14:17:13'),(410,1001,-5536,'2014-04-13 14:17:35'),(411,1001,-5536,'2014-04-13 14:17:44'),(412,1001,-5536,'2014-04-13 14:17:53'),(413,1001,-5536,'2014-04-13 14:18:03'),(414,1001,-5536,'2014-04-13 14:18:12'),(415,1001,-5536,'2014-04-13 14:18:21'),(416,1001,-5536,'2014-04-13 14:18:30'),(417,1001,-5536,'2014-04-13 14:18:39'),(418,1001,-5536,'2014-04-13 14:18:48'),(419,1001,-5536,'2014-04-13 14:18:57'),(420,1001,-5536,'2014-04-13 14:19:12'),(421,1001,-5536,'2014-04-13 14:19:21'),(422,1001,-5536,'2014-04-13 14:19:30'),(423,1001,-5536,'2014-04-13 14:19:39'),(424,1001,-5536,'2014-04-13 14:19:59'),(425,1001,-5536,'2014-04-13 14:20:09'),(426,1001,-5536,'2014-04-13 14:20:18'),(427,1001,-5536,'2014-04-13 14:20:27'),(428,1001,-5536,'2014-04-13 14:20:36'),(429,1001,-5536,'2014-04-13 14:20:45'),(430,1001,-5536,'2014-04-13 14:21:03'),(431,1001,-5536,'2014-04-13 14:21:12'),(432,1001,-5536,'2014-04-13 14:21:22'),(433,1001,-5536,'2014-04-13 14:21:31'),(434,1001,-5536,'2014-04-13 14:21:40'),(435,1001,-5536,'2014-04-13 14:21:49'),(436,1001,-5536,'2014-04-13 14:21:58'),(437,1001,-5536,'2014-04-13 14:22:07'),(438,1001,-5536,'2014-04-13 14:22:16'),(439,1001,-5536,'2014-04-13 14:22:26'),(440,1001,-5536,'2014-04-13 14:22:35'),(441,1001,-5536,'2014-04-13 14:22:53'),(442,1001,-5536,'2014-04-13 14:23:03'),(443,1001,-5536,'2014-04-13 14:23:12'),(444,1001,-5536,'2014-04-13 14:23:21'),(445,1001,-5536,'2014-04-13 14:23:35'),(446,1001,-5536,'2014-04-13 14:23:44'),(447,1001,-5536,'2014-04-13 14:23:53'),(448,1001,-5536,'2014-04-13 14:24:02'),(449,1001,-5536,'2014-04-13 14:24:11'),(450,1001,-5536,'2014-04-13 14:24:20'),(451,1001,-5536,'2014-04-13 14:24:30'),(452,1001,-5536,'2014-04-13 14:24:39'),(453,1001,-5536,'2014-04-13 14:24:48'),(454,1001,-5536,'2014-04-13 14:24:57'),(455,1001,-5536,'2014-04-13 14:25:18'),(456,1001,-5536,'2014-04-13 14:25:28'),(457,1001,-5536,'2014-04-13 14:25:48'),(458,1001,-5536,'2014-04-13 14:25:58'),(459,1001,-5536,'2014-04-13 14:26:14'),(460,1001,-5536,'2014-04-13 14:26:23'),(461,1001,-5536,'2014-04-13 14:26:33'),(462,1001,-5536,'2014-04-13 14:26:43'),(463,1001,-5536,'2014-04-13 14:26:58'),(464,1001,-5536,'2014-04-13 14:27:07'),(465,1001,-5536,'2014-04-13 14:27:17'),(466,1001,-5536,'2014-04-13 14:27:26'),(467,1001,-5536,'2014-04-13 14:27:36'),(468,1001,-5536,'2014-04-13 14:27:46'),(469,1001,-5536,'2014-04-13 14:28:02'),(470,1001,-5536,'2014-04-13 14:28:11'),(471,1001,-5536,'2014-04-13 14:28:21'),(472,1001,-5536,'2014-04-13 14:28:31'),(473,1001,-5536,'2014-04-13 14:28:40'),(474,1001,-5536,'2014-04-13 14:28:58'),(475,1001,-5536,'2014-04-13 14:29:10'),(476,1001,-5536,'2014-04-13 14:29:23'),(477,1001,-5536,'2014-04-13 14:30:20'),(478,1001,-5536,'2014-04-13 14:30:38'),(479,1001,-5536,'2014-04-13 14:30:56'),(480,1001,-5536,'2014-04-13 14:31:13'),(481,1001,-5536,'2014-04-13 14:31:31'),(482,1001,-5536,'2014-04-13 14:31:49'),(483,1001,-5536,'2014-04-13 14:32:06'),(484,1001,-5536,'2014-04-13 14:32:24'),(485,1001,-5536,'2014-04-13 14:32:52'),(486,1001,-5536,'2014-04-13 14:33:07'),(487,1001,-5536,'2014-04-13 14:33:19'),(488,1001,-5536,'2014-04-13 14:33:30'),(489,1001,-5536,'2014-04-13 14:33:47'),(490,1001,-5536,'2014-04-13 14:33:59'),(491,1001,-5536,'2014-04-13 14:34:10'),(492,1001,-5536,'2014-04-13 14:35:52'),(493,1001,-5536,'2014-04-13 14:36:04'),(494,1001,-5536,'2014-04-13 14:36:16'),(495,1001,-5536,'2014-04-13 14:36:27'),(496,1001,-5536,'2014-04-13 14:36:39'),(497,1001,-5536,'2014-04-13 14:36:51'),(498,1001,-5536,'2014-04-13 14:37:02'),(499,1001,-5536,'2014-04-13 14:37:14'),(500,1001,-5536,'2014-04-13 14:37:26'),(501,1001,-5536,'2014-04-13 14:37:37'),(502,1001,-5536,'2014-04-13 14:37:49'),(503,1001,-5536,'2014-04-13 14:38:01'),(504,1001,-5536,'2014-04-13 14:38:12'),(505,1001,-5536,'2014-04-13 14:38:24'),(506,1001,-5536,'2014-04-13 14:38:35'),(507,1001,-5536,'2014-04-13 14:38:47'),(508,1001,-5536,'2014-04-13 14:38:59'),(509,1001,-5536,'2014-04-13 14:39:10'),(510,1001,-5536,'2014-04-13 14:39:22'),(511,1001,-5536,'2014-04-13 14:39:40'),(512,1001,-5536,'2014-04-13 14:39:52'),(513,1001,-5536,'2014-04-13 14:40:04'),(514,1001,-5536,'2014-04-13 14:40:16'),(515,1001,-5536,'2014-04-13 14:41:14'),(516,1001,-5536,'2014-04-13 14:41:26'),(517,1001,-5536,'2014-04-13 14:41:38'),(518,1001,-5536,'2014-04-13 14:41:50'),(519,1001,-5536,'2014-04-13 14:42:01'),(520,1001,-5536,'2014-04-13 14:42:13'),(521,1001,-5536,'2014-04-13 14:42:25'),(522,1001,-5536,'2014-04-13 14:42:37'),(523,1001,-5536,'2014-04-13 14:42:48'),(524,1001,-5536,'2014-04-13 14:43:00'),(525,1001,-5536,'2014-04-13 14:43:12'),(526,1001,-5536,'2014-04-13 14:43:23'),(527,1001,-5536,'2014-04-13 14:43:35'),(528,1001,-5536,'2014-04-13 14:43:47'),(529,1001,-5536,'2014-04-13 14:43:59'),(530,1001,-5536,'2014-04-13 14:44:10'),(531,1001,-5536,'2014-04-13 14:44:22'),(532,1001,-5536,'2014-04-13 14:44:34'),(533,1001,-5536,'2014-04-13 14:44:45'),(534,1001,-5536,'2014-04-13 14:44:59'),(535,1001,-5536,'2014-04-13 14:45:16'),(536,1001,-5536,'2014-04-13 14:45:28'),(537,1001,-5536,'2014-04-13 14:45:40'),(538,1001,-5536,'2014-04-13 14:46:33'),(539,1001,-5536,'2014-04-13 14:46:44'),(540,1001,-5536,'2014-04-13 14:46:56'),(541,1001,-5536,'2014-04-13 14:47:08'),(542,1001,-5536,'2014-04-13 14:47:20'),(543,1001,-5536,'2014-04-13 14:47:31'),(544,1001,-5536,'2014-04-13 14:47:43'),(545,1001,-5536,'2014-04-13 14:47:55'),(546,1001,-5536,'2014-04-13 14:48:07'),(547,1001,-5536,'2014-04-13 14:48:19'),(548,1001,-5536,'2014-04-13 14:48:30'),(549,1001,-5536,'2014-04-13 14:48:42'),(550,1001,-5536,'2014-04-13 14:48:54'),(551,1001,-5536,'2014-04-13 14:49:05'),(552,1001,-5536,'2014-04-13 14:49:17'),(553,1001,-5536,'2014-04-13 14:49:29'),(554,1001,-5536,'2014-04-13 14:49:40'),(555,1001,-5536,'2014-04-13 14:49:52'),(556,1001,-5536,'2014-04-13 14:50:04'),(557,1001,-5536,'2014-04-13 14:50:15'),(558,1001,-5536,'2014-04-13 14:50:27'),(559,1001,-5536,'2014-04-13 14:50:39'),(560,1001,-5536,'2014-04-13 14:50:50'),(561,1001,-5536,'2014-04-13 14:51:02'),(562,1001,-5536,'2014-04-13 14:51:14'),(563,1001,-5536,'2014-04-13 14:51:25'),(564,1001,-5536,'2014-04-13 14:51:37'),(565,1001,-5536,'2014-04-13 14:51:49'),(566,1001,-5536,'2014-04-13 14:52:01'),(567,1001,-5536,'2014-04-13 14:52:12'),(568,1001,-5536,'2014-04-13 14:52:24'),(569,1001,-5536,'2014-04-13 14:52:36'),(570,1001,-5536,'2014-04-13 14:52:47'),(571,1001,-5536,'2014-04-13 14:52:59'),(572,1001,-5536,'2014-04-13 14:53:11'),(573,1001,-5536,'2014-04-13 14:53:23'),(574,1001,-5536,'2014-04-13 14:53:34'),(575,1001,-5536,'2014-04-13 14:53:46'),(576,1001,-5536,'2014-04-13 14:53:59'),(577,1001,-5536,'2014-04-13 14:54:10'),(578,1001,-5536,'2014-04-13 14:54:22'),(579,1001,-5536,'2014-04-13 14:54:34'),(580,1001,-5536,'2014-04-13 14:54:45'),(581,1001,-5536,'2014-04-13 14:54:57'),(582,1001,-5536,'2014-04-13 14:55:09'),(583,1001,-5536,'2014-04-13 14:55:20'),(584,1001,-5536,'2014-04-13 14:55:32'),(585,1001,-5536,'2014-04-13 14:55:44'),(586,1001,-5536,'2014-04-13 14:55:56'),(587,1001,-9462,'2014-04-13 14:56:05'),(588,1001,-5536,'2014-04-13 14:56:14'),(589,1001,100,'2014-04-13 15:16:58'),(590,1001,100,'2014-04-13 15:17:16'),(591,1001,100,'2014-04-13 16:05:50'),(592,1001,-5536,'2014-04-13 16:17:18'),(593,1001,-5536,'2014-04-13 16:17:29'),(594,1001,-5536,'2014-04-13 16:17:47'),(595,1001,-5536,'2014-04-13 16:17:59'),(596,1001,-5536,'2014-04-13 16:18:11'),(597,1001,-5536,'2014-04-13 16:18:23'),(598,1001,-5536,'2014-04-13 16:18:35'),(599,1001,-5536,'2014-04-13 16:18:47'),(600,1001,-5536,'2014-04-13 16:18:59'),(601,1001,-5536,'2014-04-13 16:19:11'),(602,1001,-5536,'2014-04-13 16:19:23'),(603,1001,-5536,'2014-04-13 16:19:35'),(604,1001,-5536,'2014-04-13 16:19:47'),(605,1001,-5536,'2014-04-13 16:19:59'),(606,1001,-5536,'2014-04-13 16:20:11'),(607,1001,-5536,'2014-04-13 16:20:23'),(608,1001,-5536,'2014-04-13 16:20:34'),(609,1001,-5536,'2014-04-13 16:20:46'),(610,1001,-5536,'2014-04-13 16:20:58'),(611,1001,-5536,'2014-04-13 16:21:10'),(612,1001,-5536,'2014-04-13 16:21:22'),(613,1001,-5536,'2014-04-13 16:21:34'),(614,1001,-5536,'2014-04-13 16:21:46'),(615,1001,-5536,'2014-04-13 16:21:58'),(616,1001,-5536,'2014-04-13 16:22:10'),(617,1001,-5536,'2014-04-13 16:22:22'),(618,1001,-5536,'2014-04-13 16:22:34'),(619,1001,-5536,'2014-04-13 16:22:46'),(620,1001,-5536,'2014-04-13 16:22:59'),(621,1001,-5536,'2014-04-13 16:23:10'),(622,1001,-5536,'2014-04-13 16:23:22'),(623,1001,-5536,'2014-04-13 16:23:35'),(624,1001,-5536,'2014-04-13 16:23:47'),(625,1001,-5536,'2014-04-13 16:23:59'),(626,1001,-5536,'2014-04-13 16:24:11'),(627,1001,-5536,'2014-04-13 16:24:23'),(628,1001,-5536,'2014-04-13 16:24:35'),(629,1001,-5536,'2014-04-13 16:24:47'),(630,1001,-5536,'2014-04-13 16:24:59'),(631,1001,-5536,'2014-04-13 16:25:11'),(632,1001,-5536,'2014-04-13 16:25:23'),(633,1001,-5536,'2014-04-13 16:25:35'),(634,1001,-5536,'2014-04-13 16:25:46'),(635,1001,-5536,'2014-04-13 16:25:59'),(636,1001,-5536,'2014-04-13 16:26:11'),(637,1001,-5536,'2014-04-13 16:26:23'),(638,1001,-5536,'2014-04-13 16:26:35'),(639,1001,-5536,'2014-04-13 16:26:47'),(640,1001,-5536,'2014-04-13 16:26:59'),(641,1001,-5536,'2014-04-13 16:27:11'),(642,1001,-5536,'2014-04-13 16:27:23'),(643,1001,-5536,'2014-04-13 16:27:35'),(644,1001,-5536,'2014-04-13 16:27:45'),(645,1001,100,'2014-04-13 16:27:48'),(646,1001,100,'2014-04-13 16:27:50'),(647,1001,-5536,'2014-04-13 16:27:57'),(648,1001,-5536,'2014-04-13 16:28:09'),(649,1001,-5536,'2014-04-13 16:28:21'),(650,1001,-5536,'2014-04-13 16:28:34'),(651,1001,-5536,'2014-04-13 16:28:46'),(652,1001,-5536,'2014-04-13 16:28:58'),(653,1001,-5536,'2014-04-13 16:29:10'),(654,1001,-5536,'2014-04-13 16:29:22'),(655,1001,-5536,'2014-04-13 16:29:34'),(656,1001,-5536,'2014-04-13 16:29:46'),(657,1001,-5536,'2014-04-13 16:29:58'),(658,1001,-5536,'2014-04-13 16:30:10'),(659,1001,-5536,'2014-04-13 16:30:22'),(660,1001,-5536,'2014-04-13 16:30:34'),(661,1001,-5536,'2014-04-13 16:30:46'),(662,1001,-5536,'2014-04-13 16:30:58'),(663,1001,-5536,'2014-04-13 16:31:10'),(664,1001,-9462,'2014-04-13 16:31:19'),(665,1001,-5536,'2014-04-13 16:31:31'),(666,1001,-5536,'2014-04-13 16:31:43'),(667,1001,-5536,'2014-04-13 16:32:00'),(668,1001,-5536,'2014-04-13 16:32:08'),(669,1001,-5536,'2014-04-13 16:32:20'),(670,1001,-5536,'2014-04-13 16:32:47'),(671,1001,-5536,'2014-04-13 16:32:47'),(672,1001,-5536,'2014-04-13 16:33:05'),(673,1001,-5536,'2014-04-13 16:33:17'),(674,1001,-5536,'2014-04-13 16:33:29'),(675,1001,-5536,'2014-04-13 16:33:41'),(676,1001,-5536,'2014-04-13 16:33:53'),(677,1001,-5536,'2014-04-13 16:34:05'),(678,1001,-5536,'2014-04-13 16:34:17'),(679,1001,-5536,'2014-04-13 16:34:29'),(680,1001,-5536,'2014-04-13 16:34:41'),(681,1001,-5536,'2014-04-13 16:34:55'),(682,1001,-5536,'2014-04-13 16:35:07'),(683,1001,76,'2014-04-13 16:35:23'),(684,1001,69,'2014-04-13 16:35:28'),(685,1001,72,'2014-04-13 16:35:35'),(686,1001,67,'2014-04-13 16:35:40'),(687,1001,70,'2014-04-13 16:35:46'),(688,1001,122,'2014-04-13 16:35:51'),(689,1001,38,'2014-04-13 16:35:58'),(690,1001,200,'2014-04-13 16:36:04'),(691,1001,38,'2014-04-13 16:36:08'),(692,1001,199,'2014-04-13 16:36:13'),(693,1001,38,'2014-04-13 16:36:19'),(694,1001,95,'2014-04-13 16:36:25'),(695,1001,114,'2014-04-13 16:36:31'),(696,1001,20,'2014-04-13 16:36:36'),(697,1001,200,'2014-04-13 16:36:42'),(698,1001,148,'2014-04-13 16:36:48'),(699,1001,148,'2014-04-13 16:36:54'),(700,1001,148,'2014-04-13 16:36:59');
/*!40000 ALTER TABLE `pulse` ENABLE KEYS */;
UNLOCK TABLES;

--
-- Table structure for table `sensordata`
--

DROP TABLE IF EXISTS `sensordata`;
/*!40101 SET @saved_cs_client     = @@character_set_client */;
/*!40101 SET character_set_client = utf8 */;
CREATE TABLE `sensordata` (
  `SensorDataID` int(11) NOT NULL AUTO_INCREMENT,
  `Timestamp` timestamp NULL DEFAULT NULL,
  `AstroID` int(11) DEFAULT NULL,
  `Pulse` int(11) DEFAULT NULL,
  `GSR` int(11) DEFAULT NULL,
  `Temperature` int(11) DEFAULT NULL,
  `O2` int(11) DEFAULT NULL,
  `SuitPressure` float DEFAULT NULL,
  `PosX` int(11) DEFAULT NULL,
  `PosY` int(11) DEFAULT NULL,
  `PosZ` int(11) DEFAULT NULL,
  `Radiation` int(11) DEFAULT NULL,
  `BloodSystolic` int(11) DEFAULT NULL,
  `BloodDiastolic` varchar(45) DEFAULT NULL,
  PRIMARY KEY (`SensorDataID`)
) ENGINE=InnoDB AUTO_INCREMENT=1710 DEFAULT CHARSET=latin1;
/*!40101 SET character_set_client = @saved_cs_client */;

--
-- Dumping data for table `sensordata`
--

LOCK TABLES `sensordata` WRITE;
/*!40000 ALTER TABLE `sensordata` DISABLE KEYS */;
INSERT INTO `sensordata` VALUES (1,NULL,1001,148,0,NULL,NULL,NULL,NULL,NULL,NULL,NULL,NULL,NULL),(2,NULL,1001,148,0,NULL,NULL,NULL,NULL,NULL,NULL,NULL,NULL,NULL),(3,NULL,1001,148,0,NULL,NULL,NULL,NULL,NULL,NULL,NULL,NULL,NULL),(4,NULL,1001,100,0,NULL,NULL,NULL,NULL,NULL,NULL,NULL,NULL,NULL),(5,NULL,1001,148,0,NULL,NULL,NULL,NULL,NULL,NULL,NULL,NULL,NULL),(6,NULL,1001,148,0,NULL,NULL,NULL,NULL,NULL,NULL,NULL,NULL,NULL),(7,NULL,1001,148,0,NULL,NULL,NULL,NULL,NULL,NULL,NULL,NULL,NULL),(8,NULL,1001,148,0,NULL,NULL,NULL,NULL,NULL,NULL,NULL,NULL,NULL),(9,NULL,1001,148,0,NULL,NULL,NULL,NULL,NULL,NULL,NULL,NULL,NULL),(10,NULL,1001,148,0,NULL,NULL,NULL,NULL,NULL,NULL,NULL,NULL,NULL),(11,NULL,1001,148,0,NULL,NULL,NULL,NULL,NULL,NULL,NULL,NULL,NULL),(12,NULL,1001,148,0,NULL,NULL,NULL,NULL,NULL,NULL,NULL,NULL,NULL),(13,NULL,1001,148,0,NULL,NULL,NULL,NULL,NULL,NULL,NULL,NULL,NULL),(14,NULL,1001,148,0,NULL,NULL,NULL,NULL,NULL,NULL,NULL,NULL,NULL),(15,NULL,1001,20,0,NULL,NULL,NULL,NULL,NULL,NULL,NULL,NULL,NULL),(16,NULL,1001,20,0,NULL,NULL,NULL,NULL,NULL,NULL,NULL,NULL,NULL),(17,NULL,1001,20,0,NULL,NULL,NULL,NULL,NULL,NULL,NULL,NULL,NULL),(18,NULL,1001,20,0,NULL,NULL,NULL,NULL,NULL,NULL,NULL,NULL,NULL),(19,NULL,1001,20,0,NULL,NULL,NULL,NULL,NULL,NULL,NULL,NULL,NULL),(20,NULL,1001,20,0,NULL,NULL,NULL,NULL,NULL,NULL,NULL,NULL,NULL),(21,NULL,1001,20,0,NULL,NULL,NULL,NULL,NULL,NULL,NULL,NULL,NULL),(22,NULL,1001,20,0,NULL,NULL,NULL,NULL,NULL,NULL,NULL,NULL,NULL),(23,NULL,1001,20,0,NULL,NULL,NULL,NULL,NULL,NULL,NULL,NULL,NULL),(24,NULL,1001,20,0,NULL,NULL,NULL,NULL,NULL,NULL,NULL,NULL,NULL),(25,NULL,1001,20,0,NULL,NULL,NULL,NULL,NULL,NULL,NULL,NULL,NULL),(26,NULL,1001,20,0,NULL,NULL,NULL,NULL,NULL,NULL,NULL,NULL,NULL),(27,NULL,1001,20,0,NULL,NULL,NULL,NULL,NULL,NULL,NULL,NULL,NULL),(28,NULL,1001,20,0,NULL,NULL,NULL,NULL,NULL,NULL,NULL,NULL,NULL),(29,NULL,1001,20,0,NULL,NULL,NULL,NULL,NULL,NULL,NULL,NULL,NULL),(30,NULL,1001,20,30,NULL,NULL,NULL,NULL,NULL,NULL,NULL,NULL,NULL),(31,NULL,1001,100,100,NULL,NULL,NULL,NULL,NULL,NULL,NULL,NULL,NULL),(32,NULL,1001,20,30,NULL,NULL,NULL,NULL,NULL,NULL,NULL,NULL,NULL),(33,NULL,1001,20,29,NULL,NULL,NULL,NULL,NULL,NULL,NULL,NULL,NULL),(34,NULL,1001,20,30,NULL,NULL,NULL,NULL,NULL,NULL,NULL,NULL,NULL),(35,NULL,1001,20,21,NULL,NULL,NULL,NULL,NULL,NULL,NULL,NULL,NULL),(36,NULL,1001,20,29,NULL,NULL,NULL,NULL,NULL,NULL,NULL,NULL,NULL),(37,NULL,1001,20,29,NULL,NULL,NULL,NULL,NULL,NULL,NULL,NULL,NULL),(38,NULL,1001,20,32,NULL,NULL,NULL,NULL,NULL,NULL,NULL,NULL,NULL),(39,NULL,1001,20,30,NULL,NULL,NULL,NULL,NULL,NULL,NULL,NULL,NULL),(40,NULL,1001,81,88,NULL,NULL,NULL,NULL,NULL,NULL,NULL,NULL,NULL),(41,NULL,1001,68,65,NULL,NULL,NULL,NULL,NULL,NULL,NULL,NULL,NULL),(42,NULL,1001,66,65,NULL,NULL,NULL,NULL,NULL,NULL,NULL,NULL,NULL),(43,NULL,1001,66,63,NULL,NULL,NULL,NULL,NULL,NULL,NULL,NULL,NULL),(44,NULL,1001,66,63,NULL,NULL,NULL,NULL,NULL,NULL,NULL,NULL,NULL),(45,NULL,1001,66,63,NULL,NULL,NULL,NULL,NULL,NULL,NULL,NULL,NULL),(46,NULL,1001,69,69,NULL,NULL,NULL,NULL,NULL,NULL,NULL,NULL,NULL),(47,NULL,1001,68,68,NULL,NULL,NULL,NULL,NULL,NULL,NULL,NULL,NULL),(48,NULL,1001,68,67,NULL,NULL,NULL,NULL,NULL,NULL,NULL,NULL,NULL),(49,NULL,1001,68,67,NULL,NULL,NULL,NULL,NULL,NULL,NULL,NULL,NULL),(50,NULL,1001,67,65,NULL,NULL,NULL,NULL,NULL,NULL,NULL,NULL,NULL),(51,NULL,1001,69,70,NULL,NULL,NULL,NULL,NULL,NULL,NULL,NULL,NULL),(52,NULL,1001,67,67,NULL,NULL,NULL,NULL,NULL,NULL,NULL,NULL,NULL),(53,NULL,1001,68,68,NULL,NULL,NULL,NULL,NULL,NULL,NULL,NULL,NULL),(54,NULL,1001,69,70,NULL,NULL,NULL,NULL,NULL,NULL,NULL,NULL,NULL),(55,NULL,1001,69,70,NULL,NULL,NULL,NULL,NULL,NULL,NULL,NULL,NULL),(56,NULL,1001,69,70,NULL,NULL,NULL,NULL,NULL,NULL,NULL,NULL,NULL),(57,NULL,1001,67,65,NULL,NULL,NULL,NULL,NULL,NULL,NULL,NULL,NULL),(58,NULL,1001,66,63,NULL,NULL,NULL,NULL,NULL,NULL,NULL,NULL,NULL),(59,NULL,1001,66,64,NULL,NULL,NULL,NULL,NULL,NULL,NULL,NULL,NULL),(60,NULL,1001,66,64,NULL,NULL,NULL,NULL,NULL,NULL,NULL,NULL,NULL),(61,NULL,1001,66,63,NULL,NULL,NULL,NULL,NULL,NULL,NULL,NULL,NULL),(62,NULL,1001,69,70,NULL,NULL,NULL,NULL,NULL,NULL,NULL,NULL,NULL),(63,NULL,1001,68,68,NULL,NULL,NULL,NULL,NULL,NULL,NULL,NULL,NULL),(64,NULL,1001,69,68,NULL,NULL,NULL,NULL,NULL,NULL,NULL,NULL,NULL),(65,NULL,1001,69,69,NULL,NULL,NULL,NULL,NULL,NULL,NULL,NULL,NULL),(66,NULL,1001,67,65,NULL,NULL,NULL,NULL,NULL,NULL,NULL,NULL,NULL),(67,NULL,1001,66,63,NULL,NULL,NULL,NULL,NULL,NULL,NULL,NULL,NULL),(68,NULL,1001,67,65,NULL,NULL,NULL,NULL,NULL,NULL,NULL,NULL,NULL),(69,NULL,1001,66,63,NULL,NULL,NULL,NULL,NULL,NULL,NULL,NULL,NULL),(70,NULL,1001,69,70,NULL,NULL,NULL,NULL,NULL,NULL,NULL,NULL,NULL),(71,NULL,1001,69,69,NULL,NULL,NULL,NULL,NULL,NULL,NULL,NULL,NULL),(72,NULL,1001,67,65,NULL,NULL,NULL,NULL,NULL,NULL,NULL,NULL,NULL),(73,NULL,1001,67,65,NULL,NULL,NULL,NULL,NULL,NULL,NULL,NULL,NULL),(74,NULL,1001,100,100,100,NULL,NULL,NULL,NULL,NULL,NULL,NULL,NULL),(75,NULL,1001,68,67,15,NULL,NULL,NULL,NULL,NULL,NULL,NULL,NULL),(76,NULL,1001,68,68,15,NULL,NULL,NULL,NULL,NULL,NULL,NULL,NULL),(77,NULL,1001,100,100,100,100,NULL,NULL,NULL,NULL,NULL,NULL,NULL),(78,NULL,1001,100,100,100,100,100,NULL,NULL,NULL,NULL,NULL,NULL),(79,NULL,1001,100,100,100,100,100,NULL,NULL,NULL,NULL,NULL,NULL),(80,NULL,1001,100,100,100,100,100,100,100,1007,NULL,NULL,NULL),(81,NULL,1001,100,100,100,100,100,100,100,1007,100,NULL,NULL),(82,NULL,1001,100,100,55,22,555,100,100,1007,100,NULL,NULL),(83,NULL,1001,777,100,55,22,555,100,100,1007,100,NULL,NULL),(84,NULL,1001,777,333,55,22,555,100,100,1007,100,NULL,NULL),(85,NULL,1001,777,333,222,22,555,100,100,1007,100,NULL,NULL),(86,NULL,1001,777,333,222,123,555,100,100,1007,100,NULL,NULL),(87,NULL,1001,777,333,222,123,432,100,100,1007,100,NULL,NULL),(88,NULL,1001,777,333,222,123,432,100,100,1007,100,NULL,NULL),(89,NULL,1001,100,100,100,100,100,100,100,1007,100,NULL,NULL),(90,NULL,1001,777,333,222,123,432,100,100,1007,100,NULL,NULL),(91,NULL,1001,100,100,100,100,100,100,100,1007,100,NULL,NULL),(92,NULL,1001,100,100,100,100,100,100,100,100,100,NULL,NULL),(93,NULL,1001,107,72,28,0,0,0,0,0,0,NULL,NULL),(94,NULL,1001,107,62,28,0,0,0,0,0,0,NULL,NULL),(95,NULL,1001,107,73,28,0,0,0,0,0,0,NULL,NULL),(96,NULL,1001,107,58,28,0,0,0,0,0,0,NULL,NULL),(97,NULL,1001,107,73,28,0,0,0,0,0,0,NULL,NULL),(98,NULL,1001,107,51,28,0,0,0,0,0,0,NULL,NULL),(99,NULL,1001,107,71,28,0,0,0,0,0,0,NULL,NULL),(100,NULL,1001,107,59,28,0,0,0,0,0,0,NULL,NULL),(101,NULL,1001,107,56,28,0,0,0,0,0,0,NULL,NULL),(102,NULL,1001,107,61,28,0,0,0,0,0,0,NULL,NULL),(103,NULL,1001,107,126,28,0,0,0,0,0,0,NULL,NULL),(104,NULL,1001,107,66,28,0,0,0,0,0,0,NULL,NULL),(105,NULL,1001,107,58,28,0,0,0,0,0,0,NULL,NULL),(106,NULL,1001,107,59,28,0,0,0,0,0,0,NULL,NULL),(107,NULL,1001,107,73,28,0,0,0,0,0,0,NULL,NULL),(108,NULL,1001,107,51,28,0,0,0,0,0,0,NULL,NULL),(109,NULL,1001,107,64,28,0,0,0,0,0,0,NULL,NULL),(110,NULL,1001,64,40,28,0,0,0,0,0,19,120,'80'),(111,NULL,1001,64,34,28,0,0,0,0,0,21,120,'80'),(112,NULL,1001,64,58,28,0,0,0,0,0,23,120,'80'),(113,NULL,1001,64,57,28,0,0,0,0,0,25,120,'80'),(114,NULL,1001,64,49,28,0,0,0,0,0,27,120,'80'),(115,NULL,1001,64,40,28,0,0,0,0,0,29,120,'80'),(116,NULL,1001,64,41,28,0,0,0,0,0,31,120,'80'),(117,NULL,1001,64,35,28,0,0,0,0,0,33,120,'80'),(118,NULL,1001,63,36,28,0,0,0,0,0,36,120,'80'),(119,NULL,1001,64,55,28,0,0,0,0,0,38,120,'80'),(120,NULL,1001,64,58,28,0,0,0,0,0,40,120,'80'),(121,NULL,1001,64,45,28,0,0,0,0,0,42,120,'80'),(122,NULL,1001,64,35,28,0,0,0,0,0,44,120,'80'),(123,NULL,1001,64,43,28,0,0,0,0,0,46,120,'80'),(124,NULL,1001,64,35,28,0,0,0,0,0,48,120,'80'),(125,NULL,1001,64,36,28,0,0,0,0,0,50,120,'80'),(126,NULL,1001,64,58,28,0,0,0,0,0,52,120,'80'),(127,NULL,1001,63,34,28,0,0,0,0,0,54,120,'80'),(128,NULL,1001,64,36,28,0,0,0,0,0,56,120,'80'),(129,NULL,1001,63,36,28,0,0,0,0,0,58,120,'80'),(130,NULL,1001,64,38,28,0,0,0,0,0,60,120,'80'),(131,NULL,1001,64,34,28,0,0,0,0,0,62,120,'80'),(132,NULL,1001,64,36,28,0,0,0,0,0,64,120,'80'),(133,NULL,1001,64,57,28,0,0,0,0,0,66,120,'80'),(134,NULL,1001,64,48,28,0,0,0,0,0,68,120,'80'),(135,NULL,1001,64,51,28,0,0,0,0,0,70,120,'80'),(136,NULL,1001,64,42,28,0,0,0,0,0,72,120,'80'),(137,NULL,1001,64,34,28,0,0,0,0,0,74,120,'80'),(138,NULL,1001,64,34,28,0,0,0,0,0,76,120,'80'),(139,NULL,1001,63,35,28,0,0,0,0,0,78,120,'80'),(140,NULL,1001,64,40,28,0,0,0,0,0,80,120,'80'),(141,NULL,1001,63,59,28,0,0,0,0,0,83,120,'80'),(142,NULL,1001,64,58,28,0,0,0,0,0,85,120,'80'),(143,NULL,1001,63,59,28,0,0,0,0,0,87,120,'80'),(144,NULL,1001,64,58,28,0,0,0,0,0,89,120,'80'),(145,NULL,1001,64,49,28,0,0,0,0,0,91,120,'80'),(146,NULL,1001,64,56,28,0,0,0,0,0,93,120,'80'),(147,NULL,1001,63,59,28,0,0,0,0,0,95,120,'80'),(148,NULL,1001,64,41,28,0,0,0,0,0,97,120,'80'),(149,NULL,1001,63,58,28,0,0,0,0,0,99,120,'80'),(150,NULL,1001,64,52,28,0,0,0,0,0,101,120,'80'),(151,NULL,1001,64,41,28,0,0,0,0,0,3,120,'80'),(152,NULL,1001,64,50,28,0,0,0,0,0,5,120,'80'),(153,NULL,1001,64,35,28,0,0,0,0,0,7,120,'80'),(154,NULL,1001,63,41,28,0,0,0,0,0,9,120,'80'),(155,NULL,1001,63,40,28,0,0,0,0,0,11,120,'80'),(156,NULL,1001,64,57,28,0,0,0,0,0,13,120,'80'),(157,NULL,1001,63,57,28,0,0,0,0,0,15,120,'80'),(158,NULL,1001,64,40,28,0,0,0,0,0,17,120,'80'),(159,NULL,1001,64,35,28,0,0,0,0,0,19,120,'80'),(160,NULL,1001,64,58,28,0,0,0,0,0,21,120,'80'),(161,NULL,1001,63,53,28,0,0,0,0,0,23,120,'80'),(162,NULL,1001,64,44,28,0,0,0,0,0,25,120,'80'),(163,NULL,1001,64,58,28,0,0,0,0,0,27,120,'80'),(164,NULL,1001,64,38,28,0,0,0,0,0,29,120,'80'),(165,NULL,1001,64,57,28,0,0,0,0,0,31,120,'80'),(166,NULL,1001,64,50,28,0,0,0,0,0,33,120,'80'),(167,NULL,1001,63,52,28,0,0,0,0,0,35,120,'80'),(168,NULL,1001,64,41,28,0,0,0,0,0,37,120,'80'),(169,NULL,1001,63,42,28,0,0,0,0,0,39,120,'80'),(170,NULL,1001,64,49,28,0,0,0,0,0,41,120,'80'),(171,NULL,1001,64,51,28,0,0,0,0,0,43,120,'80'),(172,NULL,1001,64,35,28,0,0,0,0,0,45,120,'80'),(173,NULL,1001,64,34,28,0,0,0,0,0,47,120,'80'),(174,NULL,1001,64,55,28,0,0,0,0,0,49,120,'80'),(175,NULL,1001,64,38,28,0,0,0,0,0,51,120,'80'),(176,NULL,1001,63,34,28,0,0,0,0,0,53,120,'80'),(177,NULL,1001,64,34,28,0,0,0,0,0,55,120,'80'),(178,NULL,1001,64,37,28,0,0,0,0,0,57,120,'80'),(179,NULL,1001,64,52,28,0,0,0,0,0,59,120,'80'),(180,NULL,1001,64,53,28,0,0,0,0,0,61,120,'80'),(181,NULL,1001,63,53,28,0,0,0,0,0,63,120,'80'),(182,NULL,1001,64,53,28,0,0,0,0,0,65,120,'80'),(183,NULL,1001,64,37,28,0,0,0,0,0,67,120,'80'),(184,NULL,1001,64,34,28,0,0,0,0,0,69,120,'80'),(185,NULL,1001,63,34,28,0,0,0,0,0,71,120,'80'),(186,NULL,1001,64,38,28,0,0,0,0,0,73,120,'80'),(187,NULL,1001,63,43,28,0,0,0,0,0,75,120,'80'),(188,NULL,1001,64,48,28,0,0,0,0,0,77,120,'80'),(189,NULL,1001,63,34,28,0,0,0,0,0,79,120,'80'),(190,NULL,1001,64,128,28,0,0,0,0,0,1,120,'80'),(191,NULL,1001,64,37,28,0,0,0,0,0,3,120,'80'),(192,NULL,1001,64,58,28,0,0,0,0,0,5,120,'80'),(193,NULL,1001,64,47,28,0,0,0,0,0,7,120,'80'),(194,NULL,1001,64,57,28,0,0,0,0,0,9,120,'80'),(195,NULL,1001,64,51,28,0,0,0,0,0,11,120,'80'),(196,NULL,1001,64,47,28,0,0,0,0,0,13,120,'80'),(197,NULL,1001,64,54,28,0,0,0,0,0,15,120,'80'),(198,NULL,1001,64,37,28,0,0,0,0,0,17,120,'80'),(199,NULL,1001,63,54,28,0,0,0,0,0,19,120,'80'),(200,NULL,1001,64,55,28,0,0,0,0,0,21,120,'80'),(201,NULL,1001,64,47,28,0,0,0,0,0,23,120,'80'),(202,NULL,1001,64,45,28,0,0,0,0,0,25,120,'80'),(203,NULL,1001,64,35,28,0,0,0,0,0,27,120,'80'),(204,NULL,1001,63,54,28,0,0,0,0,0,29,120,'80'),(205,NULL,1001,64,34,28,0,0,0,0,0,31,120,'80'),(206,NULL,1001,64,56,28,0,0,0,0,0,33,120,'80'),(207,NULL,1001,64,53,28,0,0,0,0,0,35,120,'80'),(208,NULL,1001,64,42,28,0,0,0,0,0,37,120,'80'),(209,NULL,1001,63,53,28,0,0,0,0,0,39,120,'80'),(210,NULL,1001,64,36,28,0,0,0,0,0,41,120,'80'),(211,NULL,1001,64,32,28,0,0,0,0,0,43,120,'80'),(212,NULL,1001,63,63,28,0,0,0,0,0,45,120,'80'),(213,NULL,1001,63,51,28,50,0,0,0,0,50,120,'80'),(214,NULL,1001,64,35,28,48,0,0,0,0,52,120,'80'),(215,NULL,1001,64,33,28,46,0,0,0,0,54,120,'80'),(216,NULL,1001,63,43,28,44,0,0,0,0,56,120,'80'),(217,NULL,1001,64,59,28,42,0,0,0,0,58,120,'80'),(218,NULL,1001,64,35,28,40,0,0,0,0,60,120,'80'),(219,NULL,1001,64,38,28,38,0,0,0,0,62,120,'80'),(220,NULL,1001,64,34,28,36,0,0,0,0,64,120,'80'),(221,NULL,1001,64,41,28,34,0,0,0,0,66,120,'80'),(222,NULL,1001,63,52,28,32,0,0,0,0,68,120,'80'),(223,NULL,1001,63,51,28,30,0,0,0,0,70,120,'80'),(224,NULL,1001,64,34,28,28,0,0,0,0,72,120,'80'),(225,NULL,1001,63,35,28,26,0,0,0,0,74,120,'80'),(226,NULL,1001,64,35,28,24,0,0,0,0,76,120,'80'),(227,NULL,1001,63,33,28,22,0,0,0,0,78,120,'80'),(228,NULL,1001,64,47,28,20,0,0,0,0,80,120,'80'),(229,NULL,1001,63,56,28,18,0,0,0,0,82,120,'80'),(230,NULL,1001,63,53,28,16,0,0,0,0,84,120,'80'),(231,NULL,1001,63,42,28,14,0,0,0,0,86,120,'80'),(232,NULL,1001,64,39,28,12,0,0,0,0,88,120,'80'),(233,NULL,1001,64,49,28,8,0,0,0,0,92,120,'80'),(234,NULL,1001,64,43,28,10,0,0,0,0,90,120,'80'),(235,NULL,1001,64,59,28,6,0,0,0,0,94,120,'80'),(236,NULL,1001,64,50,28,4,0,0,0,0,96,120,'80'),(237,NULL,1001,64,48,28,2,0,0,0,0,98,120,'80'),(238,NULL,1001,64,37,28,0,0,0,0,0,100,120,'80'),(239,NULL,1001,64,33,28,-2,0,0,0,0,102,120,'80'),(240,NULL,1001,64,48,28,-4,0,0,0,0,104,120,'80'),(241,NULL,1001,64,58,28,-6,0,0,0,0,106,120,'80'),(242,NULL,1001,64,34,28,-9,0,0,0,0,109,120,'80'),(243,NULL,1001,64,34,28,-11,0,0,0,0,111,120,'80'),(244,NULL,1001,63,35,28,-13,0,0,0,0,113,120,'80'),(245,NULL,1001,64,34,28,-15,0,0,0,0,115,120,'80'),(246,NULL,1001,64,55,28,-17,0,0,0,0,117,120,'80'),(247,NULL,1001,64,51,28,-19,0,0,0,0,119,120,'80'),(248,NULL,1001,64,56,28,-21,0,0,0,0,121,120,'80'),(249,NULL,1001,64,34,28,-23,0,0,0,0,123,120,'80'),(250,NULL,1001,64,34,28,-25,0,0,0,0,125,120,'80'),(251,NULL,1001,64,34,28,-27,0,0,0,0,127,120,'80'),(252,NULL,1001,63,55,28,-29,0,0,0,0,129,120,'80'),(253,NULL,1001,64,42,28,-31,0,0,0,0,131,120,'80'),(254,NULL,1001,64,44,28,-33,0,0,0,0,133,120,'80'),(255,NULL,1001,64,38,28,-35,0,0,0,0,135,120,'80'),(256,NULL,1001,64,44,28,-37,0,0,0,0,137,120,'80'),(257,NULL,1001,64,59,28,-39,0,0,0,0,139,120,'80'),(258,NULL,1001,63,45,28,-41,0,0,0,0,141,120,'80'),(259,NULL,1001,64,57,28,-43,0,0,0,0,143,120,'80'),(260,NULL,1001,63,57,28,-45,0,0,0,0,145,120,'80'),(261,NULL,1001,64,35,28,-47,0,0,0,0,147,120,'80'),(262,NULL,1001,63,52,28,-49,0,0,0,0,149,120,'80'),(263,NULL,1001,63,58,28,-51,0,0,0,0,151,120,'80'),(264,NULL,1001,64,45,28,-53,0,0,0,0,153,120,'80'),(265,NULL,1001,64,57,28,-55,0,0,0,0,155,120,'80'),(266,NULL,1001,64,41,28,-57,0,0,0,0,157,120,'80'),(267,NULL,1001,64,39,28,-59,0,0,0,0,159,120,'80'),(268,NULL,1001,63,49,28,-61,0,0,0,0,161,120,'80'),(269,NULL,1001,64,59,28,-63,0,0,0,0,163,120,'80'),(270,NULL,1001,64,35,28,-65,0,0,0,0,165,120,'80'),(271,NULL,1001,63,55,28,-67,0,0,0,0,167,120,'80'),(272,NULL,1001,64,135,28,100,0,0,0,0,0,120,'80'),(273,NULL,1001,64,51,28,99,0,0,0,0,1,120,'80'),(274,NULL,1001,64,42,28,97,0,0,0,0,3,120,'80'),(275,NULL,1001,64,59,28,95,0,0,0,0,5,120,'80'),(276,NULL,1001,64,56,28,93,0,0,0,0,7,120,'80'),(277,NULL,1001,63,59,28,91,0,0,0,0,9,120,'80'),(278,NULL,1001,64,40,28,89,0,0,0,0,11,120,'80'),(279,NULL,1001,64,48,28,87,0,0,0,0,13,120,'80'),(280,NULL,1001,64,36,28,85,0,0,0,0,15,120,'80'),(281,NULL,1001,64,47,28,83,0,0,0,0,17,120,'80'),(282,NULL,1001,63,55,28,81,0,0,0,0,19,120,'80'),(283,NULL,1001,64,57,28,79,0,0,0,0,21,120,'80'),(284,NULL,1001,64,41,28,77,0,0,0,0,23,120,'80'),(285,NULL,1001,64,43,28,75,0,0,0,0,25,120,'80'),(286,NULL,1001,63,54,28,73,0,0,0,0,27,120,'80'),(287,NULL,1001,64,34,28,71,0,0,0,0,29,120,'80'),(288,NULL,1001,64,38,28,69,0,0,0,0,31,120,'80'),(289,NULL,1001,63,53,28,67,0,0,0,0,33,120,'80'),(290,NULL,1001,63,43,28,65,0,0,0,0,35,120,'80'),(291,NULL,1001,64,34,28,63,0,0,0,0,37,120,'80'),(292,NULL,1001,63,37,28,61,0,0,0,0,39,120,'80'),(293,NULL,1001,64,58,28,58,0,0,0,0,42,120,'80'),(294,NULL,1001,64,59,28,56,0,0,0,0,44,120,'80'),(295,NULL,1001,63,40,28,54,0,0,0,0,46,120,'80'),(296,NULL,1001,64,33,28,52,0,0,0,0,48,120,'80'),(297,NULL,1001,64,39,28,50,0,0,0,0,50,120,'80'),(298,NULL,1001,64,45,28,48,0,0,0,0,52,120,'80'),(299,NULL,1001,63,59,28,46,0,0,0,0,54,120,'80'),(300,NULL,1001,63,50,28,44,0,0,0,0,56,120,'80'),(301,NULL,1001,63,50,28,42,0,0,0,0,58,120,'80'),(302,NULL,1001,64,35,28,40,0,0,0,0,60,120,'80'),(303,NULL,1001,64,58,28,38,0,0,0,0,62,120,'80'),(304,NULL,1001,63,59,28,36,0,0,0,0,64,120,'80'),(305,NULL,1001,64,36,28,34,0,0,0,0,66,120,'80'),(306,NULL,1001,64,47,28,32,0,0,0,0,68,120,'80'),(307,NULL,1001,63,57,28,30,0,0,0,0,70,120,'80'),(308,NULL,1001,64,55,28,28,0,0,0,0,72,120,'80'),(309,NULL,1001,64,55,28,26,0,0,0,0,74,120,'80'),(310,NULL,1001,64,36,28,24,0,0,0,0,76,120,'80'),(311,NULL,1001,64,47,28,22,0,0,0,0,78,120,'80'),(312,NULL,1001,63,47,28,20,0,0,0,0,80,120,'80'),(313,NULL,1001,64,58,28,18,0,0,0,0,82,120,'80'),(314,NULL,1001,64,52,28,16,0,0,0,0,84,120,'80'),(315,NULL,1001,63,44,28,14,0,0,0,0,86,120,'80'),(316,NULL,1001,64,57,28,12,0,0,0,0,88,120,'80'),(317,NULL,1001,64,58,28,10,0,0,0,0,90,120,'80'),(318,NULL,1001,63,57,28,8,0,0,0,0,92,120,'80'),(319,NULL,1001,64,58,28,6,0,0,0,0,94,120,'80'),(320,NULL,1001,63,33,28,4,0,0,0,0,96,120,'80'),(321,NULL,1001,64,35,28,2,0,0,0,0,98,120,'80'),(322,NULL,1001,64,30,28,100,0,0,0,0,0,120,'80'),(323,NULL,1001,64,48,28,98,0,0,0,0,2,120,'80'),(324,NULL,1001,64,59,28,100,0,0,0,0,0,120,'80'),(325,NULL,1001,63,62,28,98,0,0,0,0,2,120,'80'),(326,NULL,1001,64,41,28,96,0,0,0,0,4,120,'80'),(327,NULL,1001,64,66,28,94,0,0,0,0,6,120,'80'),(328,NULL,1001,64,58,28,92,0,0,0,0,8,120,'80'),(329,NULL,1001,64,35,29,90,0,0,0,0,10,120,'80'),(330,NULL,1001,64,15,29,88,0,0,0,0,12,120,'80'),(331,NULL,1001,64,66,29,86,0,0,0,0,14,120,'80'),(332,NULL,1001,64,53,29,84,0,0,0,0,16,120,'80'),(333,NULL,1001,64,52,29,82,0,0,0,0,18,120,'80'),(334,NULL,1001,63,121,29,80,0,0,0,0,20,120,'80'),(335,NULL,1001,64,255,29,78,0,0,0,0,22,120,'80'),(336,NULL,1001,64,255,29,76,0,0,0,0,24,120,'80'),(337,NULL,1001,64,255,29,74,0,0,0,0,26,120,'80'),(338,NULL,1001,20,255,28,99,0,0,0,0,1,120,'80'),(339,NULL,1001,20,255,28,100,0,0,0,0,0,120,'80'),(340,NULL,1001,20,255,28,98,0,0,0,0,2,120,'80'),(341,NULL,1001,20,255,28,96,0,0,0,0,4,120,'80'),(342,NULL,1001,20,255,28,94,0,0,0,0,6,120,'80'),(343,NULL,1001,20,255,28,92,0,0,0,0,8,120,'80'),(344,NULL,1001,20,255,28,90,0,0,0,0,10,120,'80'),(345,NULL,1001,20,255,28,88,0,0,0,0,12,120,'80'),(346,NULL,1001,20,254,28,86,0,0,0,0,14,120,'80'),(347,NULL,1001,20,255,28,84,0,0,0,0,16,120,'80'),(348,NULL,1001,20,255,28,82,0,0,0,0,18,120,'80'),(349,NULL,1001,20,254,28,80,0,0,0,0,20,120,'80'),(350,NULL,1001,20,255,28,78,0,0,0,0,22,120,'80'),(351,NULL,1001,20,255,28,76,0,0,0,0,24,120,'80'),(352,NULL,1001,20,255,28,74,0,0,0,0,26,120,'80'),(353,NULL,1001,20,255,28,72,0,0,0,0,28,120,'80'),(354,NULL,1001,20,255,28,70,0,0,0,0,30,120,'80'),(355,NULL,1001,20,254,31,68,0,0,0,0,32,120,'80'),(356,NULL,1001,20,255,30,66,0,0,0,0,34,120,'80'),(357,NULL,1001,20,254,29,64,0,0,0,0,36,120,'80'),(358,NULL,1001,20,255,28,100,0,0,0,0,0,120,'80'),(359,NULL,1001,20,255,28,98,0,0,0,0,2,120,'80'),(360,NULL,1001,20,255,28,96,0,0,0,0,4,120,'80'),(361,NULL,1001,20,255,28,94,0,0,0,0,6,120,'80'),(362,NULL,1001,20,255,28,92,0,0,0,0,8,120,'80'),(363,NULL,1001,20,255,30,100,0,0,0,0,0,120,'80'),(364,NULL,1001,20,255,29,100,0,0,0,0,0,120,'80'),(365,NULL,1001,20,255,40,100,0,0,0,0,0,120,'80'),(366,NULL,1001,20,255,36,98,0,0,0,0,2,120,'80'),(367,NULL,1001,20,255,33,96,0,0,0,0,4,120,'80'),(368,NULL,1001,20,255,31,94,0,0,0,0,6,120,'80'),(369,NULL,1001,20,255,30,92,0,0,0,0,8,120,'80'),(370,NULL,1001,20,255,30,90,0,0,0,0,10,120,'80'),(371,NULL,1001,20,255,29,88,0,0,0,0,12,120,'80'),(372,NULL,1001,20,255,29,86,0,0,0,0,14,120,'80'),(373,NULL,1001,20,255,29,84,0,0,0,0,16,120,'80'),(374,NULL,1001,20,255,28,82,0,0,0,0,18,120,'80'),(375,NULL,1001,20,255,28,80,0,0,0,0,20,120,'80'),(376,NULL,1001,20,255,28,78,0,0,0,0,22,120,'80'),(377,NULL,1001,20,255,28,76,0,0,0,0,24,120,'80'),(378,NULL,1001,20,255,72,100,0,0,0,0,0,120,'80'),(379,NULL,1001,20,255,65,98,0,0,0,0,2,120,'80'),(380,NULL,1001,20,255,63,96,0,0,0,0,4,120,'80'),(381,NULL,1001,20,255,62,94,0,0,0,0,6,120,'80'),(382,NULL,1001,20,255,61,92,0,0,0,0,8,120,'80'),(383,NULL,1001,20,255,60,90,0,0,0,0,10,120,'80'),(384,NULL,1001,20,255,60,100,0,0,0,0,0,120,'80'),(385,NULL,1001,20,254,60,100,0,0,0,0,0,120,'80'),(386,NULL,1001,20,255,60,99,0,0,0,0,1,120,'80'),(387,NULL,1001,20,255,60,97,0,0,0,0,3,120,'80'),(388,NULL,1001,20,255,60,95,0,0,0,0,5,120,'80'),(389,NULL,1001,20,255,64,93,0,0,0,0,7,120,'80'),(390,NULL,1001,20,255,64,91,0,0,0,0,9,120,'80'),(391,NULL,1001,20,255,62,89,0,0,0,0,11,120,'80'),(392,NULL,1001,20,254,61,87,0,0,0,0,13,120,'80'),(393,NULL,1001,20,254,61,85,0,0,0,0,15,120,'80'),(394,NULL,1001,20,255,60,83,0,0,0,0,17,120,'80'),(395,NULL,1001,20,255,60,81,0,0,0,0,19,120,'80'),(396,NULL,1001,20,255,60,79,0,0,0,0,21,120,'80'),(397,NULL,1001,20,255,60,77,0,0,0,0,23,120,'80'),(398,NULL,1001,20,255,60,75,0,0,0,0,25,120,'80'),(399,NULL,1001,20,255,60,73,0,0,0,0,27,120,'80'),(400,NULL,1001,20,255,60,71,0,0,0,0,29,120,'80'),(401,NULL,1001,20,254,60,69,0,0,0,0,31,120,'80'),(402,NULL,1001,20,255,60,67,0,0,0,0,33,120,'80'),(403,NULL,1001,20,255,60,65,0,0,0,0,35,120,'80'),(404,NULL,1001,20,255,60,63,0,0,0,0,37,120,'80'),(405,NULL,1001,20,255,60,61,0,0,0,0,39,120,'80'),(406,NULL,1001,20,255,60,59,0,0,0,0,41,120,'80'),(407,NULL,1001,20,254,60,57,0,0,0,0,43,120,'80'),(408,NULL,1001,20,255,60,55,0,0,0,0,45,120,'80'),(409,NULL,1001,20,255,60,53,0,0,0,0,47,120,'80'),(410,NULL,1001,20,255,60,51,0,0,0,0,49,120,'80'),(411,NULL,1001,20,255,60,49,0,0,0,0,51,120,'80'),(412,NULL,1001,20,255,60,47,0,0,0,0,53,120,'80'),(413,NULL,1001,20,255,60,45,0,0,0,0,55,120,'80'),(414,NULL,1001,20,255,60,43,0,0,0,0,57,120,'80'),(415,NULL,1001,20,255,60,41,0,0,0,0,59,120,'80'),(416,NULL,1001,20,255,60,39,0,0,0,0,61,120,'80'),(417,NULL,1001,20,255,60,37,0,0,0,0,63,120,'80'),(418,NULL,1001,20,255,60,35,0,0,0,0,65,120,'80'),(419,NULL,1001,20,255,60,33,0,0,0,0,67,120,'80'),(420,NULL,1001,20,255,60,31,0,0,0,0,69,120,'80'),(421,NULL,1001,40,60,60,100,0,0,0,0,0,120,'80'),(422,NULL,1001,99,59,60,97,0,0,0,0,3,120,'80'),(423,NULL,1001,100,60,60,95,0,0,0,0,5,120,'80'),(424,NULL,1001,99,60,60,93,0,0,0,0,7,120,'80'),(425,NULL,1001,99,60,60,91,0,0,0,0,9,120,'80'),(426,NULL,1001,99,60,60,89,0,0,0,0,11,120,'80'),(427,NULL,1001,100,59,60,87,0,0,0,0,13,120,'80'),(428,NULL,1001,100,60,60,85,0,0,0,0,15,120,'80'),(429,NULL,1001,139,60,60,100,0,0,0,0,0,120,'80'),(430,NULL,1001,239,60,60,100,0,0,0,0,0,120,'80'),(431,NULL,1001,239,60,60,100,0,0,0,0,0,120,'80'),(432,NULL,1001,239,60,60,98,0,0,0,0,2,120,'80'),(433,NULL,1001,239,60,60,96,0,0,0,0,4,120,'80'),(434,NULL,1001,40,60,60,94,0,0,0,0,6,120,'80'),(435,NULL,1001,40,60,60,92,0,0,0,0,8,120,'80'),(436,NULL,1001,40,60,60,90,0,0,0,0,10,120,'80'),(437,NULL,1001,40,60,60,88,0,0,0,0,12,120,'80'),(438,NULL,1001,40,60,60,86,0,0,0,0,14,120,'80'),(439,NULL,1001,40,60,60,84,0,0,0,0,16,120,'80'),(440,NULL,1001,40,60,60,82,0,0,0,0,18,120,'80'),(441,NULL,1001,40,60,60,80,0,0,0,0,20,120,'80'),(442,NULL,1001,40,60,60,78,0,0,0,0,22,120,'80'),(443,NULL,1001,40,60,60,76,0,0,0,0,24,120,'80'),(444,NULL,1001,40,60,60,74,0,0,0,0,26,120,'80'),(445,NULL,1001,145,60,60,72,0,0,0,0,28,120,'80'),(446,NULL,1001,145,60,60,70,0,0,0,0,30,120,'80'),(447,NULL,1001,145,60,60,64,0,0,0,0,36,120,'80'),(448,NULL,1001,145,60,60,66,0,0,0,0,34,120,'80'),(449,NULL,1001,145,60,60,68,0,0,0,0,32,120,'80'),(450,NULL,1001,145,60,60,62,0,0,0,0,38,120,'80'),(451,NULL,1001,145,60,60,60,0,0,0,0,40,120,'80'),(452,NULL,1001,145,60,60,58,0,0,0,0,42,120,'80'),(453,NULL,1001,145,60,60,56,0,0,0,0,44,120,'80'),(454,NULL,1001,145,60,60,54,0,0,0,0,46,120,'80'),(455,NULL,1001,145,60,60,52,0,0,0,0,48,120,'80'),(456,NULL,1001,145,60,60,50,0,0,0,0,50,120,'80'),(457,NULL,1001,124,60,60,100,0,0,0,0,0,120,'80'),(458,NULL,1001,124,60,60,100,0,0,0,0,0,120,'80'),(459,NULL,1001,199,59,60,98,0,0,0,0,2,120,'80'),(460,NULL,1001,199,60,60,96,0,0,0,0,4,120,'80'),(461,NULL,1001,199,60,60,94,0,0,0,0,6,120,'80'),(462,NULL,1001,199,60,60,92,0,0,0,0,8,120,'80'),(463,NULL,1001,199,59,60,90,0,0,0,0,10,120,'80'),(464,NULL,1001,199,60,60,88,0,0,0,0,12,120,'80'),(465,NULL,1001,199,60,60,86,0,0,0,0,14,120,'80'),(466,NULL,1001,200,59,60,84,0,0,0,0,16,120,'80'),(467,NULL,1001,200,60,60,82,0,0,0,0,18,120,'80'),(468,NULL,1001,199,60,60,80,0,0,0,0,20,120,'80'),(469,NULL,1001,200,60,60,78,0,0,0,0,22,120,'80'),(470,NULL,1001,199,60,60,76,0,0,0,0,24,120,'80'),(471,NULL,1001,200,60,60,74,0,0,0,0,26,120,'80'),(472,NULL,1001,199,59,60,72,0,0,0,0,28,120,'80'),(473,NULL,1001,199,59,60,69,0,0,0,0,31,120,'80'),(474,NULL,1001,199,60,60,67,0,0,0,0,33,120,'80'),(475,NULL,1001,199,59,60,65,0,0,0,0,35,120,'80'),(476,NULL,1001,199,60,60,63,0,0,0,0,37,120,'80'),(477,NULL,1001,200,60,60,61,0,0,0,0,39,120,'80'),(478,NULL,1001,127,60,60,59,0,0,0,0,41,120,'80'),(479,NULL,1001,117,60,60,57,0,0,0,0,43,120,'80'),(480,NULL,1001,111,60,60,55,0,0,0,0,45,120,'80'),(481,NULL,1001,40,60,60,53,0,0,0,0,47,120,'80'),(482,NULL,1001,40,60,60,51,0,0,0,0,49,120,'80'),(483,NULL,1001,40,60,60,49,0,0,0,0,51,120,'80'),(484,NULL,1001,85,60,60,47,0,0,0,0,53,120,'80'),(485,NULL,1001,85,60,60,45,0,0,0,0,55,120,'80'),(486,NULL,1001,85,60,60,43,0,0,0,0,57,120,'80'),(487,NULL,1001,85,59,60,41,0,0,0,0,59,120,'80'),(488,NULL,1001,85,60,60,39,0,0,0,0,61,120,'80'),(489,NULL,1001,85,60,60,37,0,0,0,0,63,120,'80'),(490,NULL,1001,85,60,60,35,0,0,0,0,65,120,'80'),(491,NULL,1001,85,59,60,33,0,0,0,0,67,120,'80'),(492,NULL,1001,85,60,60,31,0,0,0,0,69,120,'80'),(493,NULL,1001,85,59,60,29,0,0,0,0,71,120,'80'),(494,NULL,1001,85,60,60,27,0,0,0,0,73,120,'80'),(495,NULL,1001,85,60,60,25,0,0,0,0,75,120,'80'),(496,NULL,1001,85,60,60,23,0,0,0,0,77,120,'80'),(497,NULL,1001,85,60,60,21,0,0,0,0,79,120,'80'),(498,NULL,1001,85,60,60,19,0,0,0,0,81,120,'80'),(499,NULL,1001,85,59,60,17,0,0,0,0,83,120,'80'),(500,NULL,1001,85,60,60,15,0,0,0,0,85,120,'80'),(501,NULL,1001,85,60,60,13,0,0,0,0,87,120,'80'),(502,NULL,1001,85,60,60,11,0,0,0,0,89,120,'80'),(503,NULL,1001,85,60,60,9,0,0,0,0,91,120,'80'),(504,NULL,1001,85,59,60,7,0,0,0,0,93,120,'80'),(505,NULL,1001,85,60,60,5,0,0,0,0,95,120,'80'),(506,NULL,1001,85,60,60,3,0,0,0,0,97,120,'80'),(507,NULL,1001,85,60,60,1,0,0,0,0,99,120,'80'),(508,NULL,1001,85,60,60,99,0,0,0,0,1,120,'80'),(509,NULL,1001,85,60,60,97,0,0,0,0,3,120,'80'),(510,NULL,1001,85,60,60,95,0,0,0,0,5,120,'80'),(511,NULL,1001,85,60,60,93,0,0,0,0,7,120,'80'),(512,NULL,1001,85,60,60,91,0,0,0,0,9,120,'80'),(513,NULL,1001,85,60,60,89,0,0,0,0,11,120,'80'),(514,NULL,1001,85,59,60,87,0,0,0,0,13,120,'80'),(515,NULL,1001,85,60,60,85,0,0,0,0,15,120,'80'),(516,NULL,1001,85,59,60,83,0,0,0,0,17,120,'80'),(517,NULL,1001,85,60,60,81,0,0,0,0,19,120,'80'),(518,NULL,1001,85,60,60,79,0,0,0,0,21,120,'80'),(519,NULL,1001,85,60,60,77,0,0,0,0,23,120,'80'),(520,NULL,1001,85,60,60,75,0,0,0,0,25,120,'80'),(521,NULL,1001,85,5,60,73,0,0,0,0,27,120,'80'),(522,NULL,1001,85,9,60,71,0,0,0,0,29,120,'80'),(523,NULL,1001,85,15,60,69,0,0,0,0,31,120,'80'),(524,NULL,1001,85,9,60,67,0,0,0,0,33,120,'80'),(525,NULL,1001,85,11,60,65,0,0,0,0,35,120,'80'),(526,NULL,1001,85,11,60,63,0,0,0,0,37,120,'80'),(527,NULL,1001,85,8,60,61,0,0,0,0,39,120,'80'),(528,NULL,1001,85,9,60,59,0,0,0,0,41,120,'80'),(529,NULL,1001,85,14,60,57,0,0,0,0,43,120,'80'),(530,NULL,1001,85,15,60,55,0,0,0,0,45,120,'80'),(531,NULL,1001,85,11,60,53,0,0,0,0,47,120,'80'),(532,NULL,1001,85,15,60,51,0,0,0,0,49,120,'80'),(533,NULL,1001,85,9,60,49,0,0,0,0,51,120,'80'),(534,NULL,1001,85,11,60,47,0,0,0,0,53,120,'80'),(535,NULL,1001,85,16,60,45,0,0,0,0,55,120,'80'),(536,NULL,1001,85,12,60,43,0,0,0,0,57,120,'80'),(537,NULL,1001,85,8,60,41,0,0,0,0,59,120,'80'),(538,NULL,1001,85,13,60,39,0,0,0,0,61,120,'80'),(539,NULL,1001,85,10,60,37,0,0,0,0,63,120,'80'),(540,NULL,1001,85,9,60,35,0,0,0,0,65,120,'80'),(541,NULL,1001,85,10,60,32,0,0,0,0,68,120,'80'),(542,NULL,1001,85,12,60,99,0,0,0,0,1,120,'80'),(543,NULL,1001,85,10,60,97,0,0,0,0,3,120,'80'),(544,NULL,1001,85,14,60,95,0,0,0,0,5,120,'80'),(545,NULL,1001,85,9,60,93,0,0,0,0,7,120,'80'),(546,NULL,1001,85,15,60,91,0,0,0,0,9,120,'80'),(547,NULL,1001,85,14,60,89,0,0,0,0,11,120,'80'),(548,NULL,1001,85,8,60,87,0,0,0,0,13,120,'80'),(549,NULL,1001,85,11,60,85,0,0,0,0,15,120,'80'),(550,NULL,1001,85,14,60,83,0,0,0,0,17,120,'80'),(551,NULL,1001,71,150,60,100,4,0,0,0,0,120,'80'),(552,NULL,1001,71,71,60,94,5,0,0,0,6,120,'80'),(553,NULL,1001,71,50,60,96,5,0,0,0,4,120,'80'),(554,NULL,1001,71,42,60,98,5,0,0,0,2,120,'80'),(555,NULL,1001,71,68,60,90,5,0,0,0,10,120,'80'),(556,NULL,1001,71,40,60,92,5,0,0,0,8,120,'80'),(557,NULL,1001,71,39,60,88,5,0,0,0,12,120,'80'),(558,NULL,1001,85,15,60,99,5,0,0,0,1,120,'80'),(559,NULL,1001,85,11,60,97,5,0,0,0,3,120,'80'),(560,NULL,1001,124,15,60,95,4.7,0,0,0,5,120,'80'),(561,NULL,1001,199,20,60,93,4.7,0,0,0,7,120,'80'),(562,NULL,1001,40,9,60,89,4.7,0,0,0,11,120,'80'),(563,NULL,1001,200,20,60,91,4.7,0,0,0,9,120,'80'),(564,NULL,1001,40,10,60,87,4.7,0,0,0,13,120,'80'),(565,NULL,1001,40,10,60,85,4.7,0,0,0,15,120,'80'),(566,NULL,1001,40,8,60,83,4.7,0,0,0,17,120,'80'),(567,NULL,1001,70,7,60,81,4.7,0,0,0,19,120,'80'),(568,NULL,1001,70,13,60,79,4.7,0,0,0,21,120,'80'),(569,NULL,1001,70,9,60,77,4.7,0,0,0,23,120,'80'),(570,NULL,1001,70,11,60,73,4.7,0,0,0,27,120,'80'),(571,NULL,1001,70,8,60,75,4.7,0,0,0,25,120,'80'),(572,NULL,1001,70,13,60,69,4.7,0,0,0,31,120,'80'),(573,NULL,1001,70,7,60,67,4.7,0,0,0,33,120,'80'),(574,NULL,1001,70,7,60,65,4.7,0,0,0,35,120,'80'),(575,NULL,1001,70,8,60,71,4.7,0,0,0,29,120,'80'),(576,NULL,1001,70,11,60,63,4.7,0,0,0,37,120,'80'),(577,NULL,1001,70,33,60,100,4.7,0,0,0,0,120,'80'),(578,NULL,1001,70,13,60,98,4.7,0,0,0,2,120,'80'),(579,NULL,1001,70,31,60,100,4.7,0,0,0,0,120,'80'),(580,NULL,1001,70,13,60,98,4.7,0,0,0,2,120,'80'),(581,NULL,1001,70,10,60,96,4.7,0,0,0,4,120,'80'),(582,NULL,1001,70,9,60,94,4.7,0,0,0,6,120,'80'),(583,NULL,1001,70,13,60,92,4.7,0,0,0,8,120,'80'),(584,NULL,1001,70,13,60,90,4.7,0,0,0,10,120,'80'),(585,NULL,1001,70,10,60,88,4.7,0,0,0,12,120,'80'),(586,NULL,1001,70,11,60,86,4.7,0,0,0,14,120,'80'),(587,NULL,1001,70,11,60,84,4.7,0,0,0,16,120,'80'),(588,NULL,1001,70,7,60,82,4.7,0,0,0,18,120,'80'),(589,NULL,1001,70,10,60,80,4.7,0,0,0,20,120,'80'),(590,NULL,1001,70,13,60,78,4.7,0,0,0,22,120,'80'),(591,NULL,1001,70,12,60,76,4.7,0,0,0,24,120,'80'),(592,NULL,1001,70,7,60,74,4.7,0,0,0,26,120,'80'),(593,NULL,1001,70,13,60,72,4.7,0,0,0,28,120,'80'),(594,NULL,1001,70,12,60,70,4.7,0,0,0,30,120,'80'),(595,NULL,1001,70,13,60,68,4.7,0,0,0,32,120,'80'),(596,NULL,1001,70,7,60,66,4.7,0,0,0,34,120,'80'),(597,NULL,1001,70,32,60,100,4.7,0,0,0,0,120,'80'),(598,NULL,1001,70,8,60,98,4.7,0,0,0,2,120,'80'),(599,NULL,1001,70,8,60,96,4.7,0,0,0,4,120,'80'),(600,NULL,1001,70,9,60,94,4.7,0,0,0,6,120,'80'),(601,NULL,1001,70,13,60,92,4.7,0,0,0,8,120,'80'),(602,NULL,1001,70,7,60,90,4.7,0,0,0,10,120,'80'),(603,NULL,1001,70,12,60,88,4.7,0,0,0,12,120,'80'),(604,NULL,1001,70,8,60,86,4.7,0,0,0,14,120,'80'),(605,NULL,1001,70,9,60,84,4.7,0,0,0,16,120,'80'),(606,NULL,1001,70,9,60,79,4.7,0,0,0,21,120,'80'),(607,NULL,1001,70,8,60,81,4.7,0,0,0,19,120,'80'),(608,NULL,1001,70,11,60,77,4.7,0,0,0,23,120,'80'),(609,NULL,1001,70,7,60,75,4.7,0,0,0,25,120,'80'),(610,NULL,1001,70,10,60,73,4.7,0,0,0,27,120,'80'),(611,NULL,1001,70,7,60,71,4.7,0,0,0,29,120,'80'),(612,NULL,1001,70,11,66,69,4.7,0,0,0,31,120,'80'),(613,NULL,1001,70,13,71,67,4.7,0,0,0,33,120,'80'),(614,NULL,1001,70,9,71,65,4.7,0,0,0,35,120,'80'),(615,NULL,1001,70,13,65,63,4.7,0,0,0,37,120,'80'),(616,NULL,1001,70,34,82,100,4.7,0,0,0,0,120,'80'),(617,NULL,1001,70,8,91,98,4.7,0,0,0,2,120,'80'),(618,NULL,1001,70,9,92,96,4.7,0,0,0,4,120,'80'),(619,NULL,1001,70,13,93,94,4.7,0,0,0,6,120,'80'),(620,NULL,1001,70,8,88,92,4.7,0,0,0,8,120,'80'),(621,NULL,1001,70,7,92,88,4.7,0,0,0,12,120,'80'),(622,NULL,1001,70,10,91,90,4.7,0,0,0,10,120,'80'),(623,NULL,1001,70,8,94,86,4.7,0,0,0,14,120,'80'),(624,NULL,1001,70,9,85,84,4.7,0,0,0,16,120,'80'),(625,NULL,1001,70,8,83,82,4.7,0,0,0,18,120,'80'),(626,NULL,1001,70,10,82,80,4.7,0,0,0,20,120,'80'),(627,NULL,1001,70,12,82,78,4.7,0,0,0,22,120,'80'),(628,NULL,1001,70,9,81,76,4.7,0,0,0,24,120,'80'),(629,NULL,1001,70,12,81,74,4.7,0,0,0,26,120,'80'),(630,NULL,1001,70,7,81,72,4.7,0,0,0,28,120,'80'),(631,NULL,1001,70,9,81,70,4.7,0,0,0,30,120,'80'),(632,NULL,1001,70,8,81,68,4.7,0,0,0,32,120,'80'),(633,NULL,1001,70,9,81,66,4.7,0,0,0,34,120,'80'),(634,NULL,1001,70,12,81,64,4.7,0,0,0,36,120,'80'),(635,NULL,1001,70,11,81,62,4.7,0,0,0,38,120,'80'),(636,NULL,1001,70,10,81,60,4.7,0,0,0,40,120,'80'),(637,NULL,1001,70,7,97,58,4.7,0,0,0,42,120,'80'),(638,NULL,1001,70,7,98,56,4.7,0,0,0,44,120,'80'),(639,NULL,1001,70,7,97,54,4.7,0,0,0,46,120,'80'),(640,NULL,1001,70,11,105,52,4.7,0,0,0,48,120,'80'),(641,NULL,1001,70,11,104,50,4.7,0,0,0,50,120,'80'),(642,NULL,1001,70,11,85,48,4.7,0,0,0,52,120,'80'),(643,NULL,1001,70,12,83,46,4.7,0,0,0,54,120,'80'),(644,NULL,1001,70,13,82,42,4.7,0,0,0,58,120,'80'),(645,NULL,1001,70,8,82,44,4.7,0,0,0,56,120,'80'),(646,NULL,1001,70,6,81,40,4.7,0,0,0,60,120,'80'),(647,NULL,1001,70,0,81,38,4.7,0,0,0,62,120,'80'),(648,NULL,1001,70,3,81,36,4.7,0,0,0,64,120,'80'),(649,NULL,1001,70,1,81,34,4.7,0,0,0,66,120,'80'),(650,NULL,1001,70,33,81,32,4.7,0,0,0,68,120,'80'),(651,NULL,1001,70,4,81,30,4.7,0,0,0,70,120,'80'),(652,NULL,1001,70,3,81,28,4.7,0,0,0,72,120,'80'),(653,NULL,1001,70,10,81,26,4.7,0,0,0,74,120,'80'),(654,NULL,1001,70,2,81,24,4.7,0,0,0,76,120,'80'),(655,NULL,1001,70,3,81,22,4.7,0,0,0,78,120,'80'),(656,NULL,1001,70,6,81,20,4.7,0,0,0,80,120,'80'),(657,NULL,1001,70,5,81,18,4.7,0,0,0,82,120,'80'),(658,NULL,1001,70,4,81,16,4.7,0,0,0,84,120,'80'),(659,NULL,1001,70,5,81,14,4.7,0,0,0,86,120,'80'),(660,NULL,1001,70,47,81,100,4.7,0,0,0,0,120,'80'),(661,NULL,1001,70,14,81,98,4.7,0,0,0,2,120,'80'),(662,NULL,1001,70,15,81,96,4.7,0,0,0,4,120,'80'),(663,NULL,1001,70,17,81,94,4.7,0,0,0,6,120,'80'),(664,NULL,1001,70,20,81,92,4.7,0,0,0,8,120,'80'),(665,NULL,1001,70,17,81,90,4.7,0,0,0,10,120,'80'),(666,NULL,1001,70,18,81,88,4.7,0,0,0,12,120,'80'),(667,NULL,1001,70,2,81,98,4.7,0,0,0,2,120,'80'),(668,NULL,1001,70,10,81,100,4.7,0,0,0,0,120,'80'),(669,NULL,1001,70,4,81,96,4.7,0,0,0,4,120,'80'),(670,NULL,1001,70,3,81,92,4.7,0,0,0,8,120,'80'),(671,NULL,1001,70,3,81,94,4.7,0,0,0,6,120,'80'),(672,NULL,1001,70,3,81,90,4.7,0,0,0,10,120,'80'),(673,NULL,1001,70,3,81,88,4.7,0,0,0,12,120,'80'),(674,NULL,1001,70,2,81,86,4.7,0,0,0,14,120,'80'),(675,NULL,1001,70,1,81,84,4.7,0,0,0,16,120,'80'),(676,NULL,1001,70,3,81,82,4.7,0,0,0,18,120,'80'),(677,NULL,1001,70,4,81,80,4.7,0,0,0,20,120,'80'),(678,NULL,1001,70,3,81,78,4.7,0,0,0,22,120,'80'),(679,NULL,1001,70,1,81,76,4.7,0,0,0,24,120,'80'),(680,NULL,1001,70,3,81,74,4.7,0,0,0,26,120,'80'),(681,NULL,1001,70,2,81,72,4.7,0,0,0,28,120,'80'),(682,NULL,1001,70,3,81,70,4.7,0,0,0,30,120,'80'),(683,NULL,1001,70,8,81,100,4.7,0,0,0,0,120,'80'),(684,NULL,1001,70,1,81,98,4.7,0,0,0,2,120,'80'),(685,NULL,1001,70,1,81,96,4.7,0,0,0,4,120,'80'),(686,NULL,1001,70,1,81,94,4.7,0,0,0,6,120,'80'),(687,NULL,1001,70,1,81,92,4.7,0,0,0,8,120,'80'),(688,NULL,1001,70,1,81,90,4.7,0,0,0,10,120,'80'),(689,NULL,1001,70,1,81,88,4.7,0,0,0,12,120,'80'),(690,NULL,1001,70,1,81,84,4.7,0,0,0,16,120,'80'),(691,NULL,1001,70,1,81,86,4.7,0,0,0,14,120,'80'),(692,NULL,1001,70,1,81,80,4.7,0,0,0,20,120,'80'),(693,NULL,1001,70,1,81,82,4.7,0,0,0,18,120,'80'),(694,NULL,1001,70,1,81,78,4.7,0,0,0,22,120,'80'),(695,NULL,1001,70,1,81,76,4.7,0,0,0,24,120,'80'),(696,NULL,1001,70,1,81,74,4.7,0,0,0,26,120,'80'),(697,NULL,1001,70,1,93,72,4.7,0,0,0,28,120,'80'),(698,NULL,1001,70,1,94,70,4.7,0,0,0,30,120,'80'),(699,NULL,1001,70,1,87,68,4.7,0,0,0,32,120,'80'),(700,NULL,1001,70,1,88,66,4.7,0,0,0,34,120,'80'),(701,NULL,1001,70,1,87,64,4.7,0,0,0,36,120,'80'),(702,NULL,1001,70,1,85,62,4.7,0,0,0,38,120,'80'),(703,NULL,1001,70,1,83,60,4.7,0,0,0,40,120,'80'),(704,NULL,1001,70,8,82,100,4.7,0,0,0,0,120,'80'),(705,NULL,1001,70,1,81,98,4.7,0,0,0,2,120,'80'),(706,NULL,1001,70,1,81,96,4.7,0,0,0,4,120,'80'),(707,NULL,1001,70,1,81,94,4.7,0,0,0,6,120,'80'),(708,NULL,1001,70,1,81,92,4.7,0,0,0,8,120,'80'),(709,NULL,1001,70,1,81,90,4.7,0,0,0,10,120,'80'),(710,NULL,1001,70,1,81,88,4.7,0,0,0,12,120,'80'),(711,NULL,1001,70,1,81,86,4.7,0,0,0,14,120,'80'),(712,NULL,1001,70,1,81,84,4.7,0,0,0,16,120,'80'),(713,NULL,1001,70,1,81,82,4.7,0,0,0,18,120,'80'),(714,NULL,1001,70,17,81,100,4.7,0,0,0,0,120,'80'),(715,NULL,1001,70,3,81,97,4.7,0,0,0,3,120,'80'),(716,NULL,1001,70,3,81,95,4.7,0,0,0,5,120,'80'),(717,NULL,1001,70,1,81,93,4.7,0,0,0,7,120,'80'),(718,NULL,1001,70,5,81,91,4.7,0,0,0,9,120,'80'),(719,NULL,1001,70,3,81,89,4.7,0,0,0,11,120,'80'),(720,NULL,1001,70,2,81,87,4.7,0,0,0,13,120,'80'),(721,NULL,1001,70,2,81,85,4.7,0,0,0,15,120,'80'),(722,NULL,1001,70,4,81,83,4.7,0,0,0,17,120,'80'),(723,NULL,1001,70,3,81,81,4.7,0,0,0,19,120,'80'),(724,NULL,1001,70,2,81,79,4.7,0,0,0,21,120,'80'),(725,NULL,1001,70,4,81,77,4.7,0,0,0,23,120,'80'),(726,NULL,1001,70,1,81,75,4.7,0,0,0,25,120,'80'),(727,NULL,1001,70,1,81,73,4.7,0,0,0,27,120,'80'),(728,NULL,1001,70,4,81,71,4.7,0,0,0,29,120,'80'),(729,NULL,1001,70,3,81,69,4.7,0,0,0,31,120,'80'),(730,NULL,1001,70,3,81,67,4.7,0,0,0,33,120,'80'),(731,NULL,1001,70,2,81,65,4.7,0,0,0,35,120,'80'),(732,NULL,1001,70,2,81,63,4.7,0,0,0,37,120,'80'),(733,NULL,1001,70,1,81,61,4.7,0,0,0,39,120,'80'),(734,NULL,1001,70,5,81,58,4.7,0,0,0,42,120,'80'),(735,NULL,1001,70,3,81,56,4.7,0,0,0,44,120,'80'),(736,NULL,1001,70,2,81,54,4.7,0,0,0,46,120,'80'),(737,NULL,1001,70,4,81,52,4.7,0,0,0,48,120,'80'),(738,NULL,1001,70,2,81,50,4.7,0,0,0,50,120,'80'),(739,NULL,1001,70,4,81,48,4.7,0,0,0,52,120,'80'),(740,NULL,1001,70,2,81,46,4.7,0,0,0,54,120,'80'),(741,NULL,1001,70,3,81,44,4.7,0,0,0,56,120,'80'),(742,NULL,1001,70,5,81,42,4.7,0,0,0,58,120,'80'),(743,NULL,1001,70,1,81,40,4.7,0,0,0,60,120,'80'),(744,NULL,1001,70,4,81,38,4.7,0,0,0,62,120,'80'),(745,NULL,1001,70,1,81,36,4.7,0,0,0,64,120,'80'),(746,NULL,1001,70,1,81,34,4.7,0,0,0,66,120,'80'),(747,NULL,1001,70,2,81,32,4.7,0,0,0,68,120,'80'),(748,NULL,1001,70,5,81,30,4.7,0,0,0,70,120,'80'),(749,NULL,1001,70,2,81,28,4.7,0,0,0,72,120,'80'),(750,NULL,1001,70,1,81,26,4.7,0,0,0,74,120,'80'),(751,NULL,1001,70,2,81,24,4.7,0,0,0,76,120,'80'),(752,NULL,1001,70,2,81,22,4.7,0,0,0,78,120,'80'),(753,NULL,1001,70,2,81,20,4.7,0,0,0,80,120,'80'),(754,NULL,1001,70,2,81,18,4.7,0,0,0,82,120,'80'),(755,NULL,1001,70,4,81,16,4.7,0,0,0,84,120,'80'),(756,NULL,1001,70,3,81,14,4.7,0,0,0,86,120,'80'),(757,NULL,1001,70,1,81,12,4.7,0,0,0,88,120,'80'),(758,NULL,1001,70,4,81,10,4.7,0,0,0,90,120,'80'),(759,NULL,1001,70,4,81,8,4.7,0,0,0,92,120,'80'),(760,NULL,1001,70,4,81,6,4.7,0,0,0,94,120,'80'),(761,NULL,1001,70,3,81,4,4.7,0,0,0,96,120,'80'),(762,NULL,1001,70,1,81,2,4.7,0,0,0,98,120,'80'),(763,NULL,1001,70,1,81,100,4.7,0,0,0,0,120,'80'),(764,NULL,1001,70,4,81,98,4.7,0,0,0,2,120,'80'),(765,NULL,1001,70,4,81,96,4.7,0,0,0,4,120,'80'),(766,NULL,1001,70,2,81,94,4.7,0,0,0,6,120,'80'),(767,NULL,1001,70,3,81,92,4.7,0,0,0,8,120,'80'),(768,NULL,1001,70,3,81,90,4.7,0,0,0,10,120,'80'),(769,NULL,1001,70,2,81,88,4.7,0,0,0,12,120,'80'),(770,NULL,1001,70,4,81,84,4.7,0,0,0,16,120,'80'),(771,NULL,1001,70,4,81,82,4.7,0,0,0,18,120,'80'),(772,NULL,1001,70,3,84,80,4.7,0,0,0,20,120,'80'),(773,NULL,1001,70,5,94,77,4.7,0,0,0,23,120,'80'),(774,NULL,1001,70,4,86,75,4.7,0,0,0,25,120,'80'),(775,NULL,1001,70,4,84,73,4.7,0,0,0,27,120,'80'),(776,NULL,1001,70,2,83,71,4.7,0,0,0,29,120,'80'),(777,NULL,1001,70,3,82,69,4.7,0,0,0,31,120,'80'),(778,NULL,1001,70,1,82,67,4.7,0,0,0,33,120,'80'),(779,NULL,1001,70,1,81,64,4.7,0,0,0,36,120,'80'),(780,NULL,1001,70,1,81,62,4.7,0,0,0,38,120,'80'),(781,NULL,1001,70,3,81,60,4.7,0,0,0,40,120,'80'),(782,NULL,1001,70,3,81,58,4.7,0,0,0,42,120,'80'),(783,NULL,1001,70,1,81,56,4.7,0,0,0,44,120,'80'),(784,NULL,1001,70,0,81,48,4.7,0,0,0,52,120,'80'),(785,NULL,1001,70,2,81,46,4.7,0,0,0,54,120,'80'),(786,NULL,1001,70,4,81,44,4.7,0,0,0,56,120,'80'),(787,NULL,1001,70,3,81,41,4.7,0,0,0,59,120,'80'),(788,NULL,1001,70,4,81,39,4.7,0,0,0,61,120,'80'),(789,NULL,1001,70,1,81,37,4.7,0,0,0,63,120,'80'),(790,NULL,1001,70,2,81,35,4.7,0,0,0,65,120,'80'),(791,NULL,1001,70,2,81,33,4.7,0,0,0,67,120,'80'),(792,NULL,1001,70,1,81,31,4.7,0,0,0,69,120,'80'),(793,NULL,1001,70,5,81,29,4.7,0,0,0,71,120,'80'),(794,NULL,1001,70,4,81,27,4.7,0,0,0,73,120,'80'),(795,NULL,1001,70,5,81,25,4.7,0,0,0,75,120,'80'),(796,NULL,1001,70,1,81,23,4.7,0,0,0,77,120,'80'),(797,NULL,1001,70,2,81,21,4.7,0,0,0,79,120,'80'),(798,NULL,1001,70,5,81,19,4.7,0,0,0,81,120,'80'),(799,NULL,1001,70,5,81,17,4.7,0,0,0,83,120,'80'),(800,NULL,1001,70,4,81,15,4.7,0,0,0,85,120,'80'),(801,NULL,1001,70,3,81,13,4.7,0,0,0,87,120,'80'),(802,NULL,1001,70,1,81,11,4.7,0,0,0,89,120,'80'),(803,NULL,1001,70,4,81,9,4.7,0,0,0,91,120,'80'),(804,NULL,1001,70,4,81,7,4.7,0,0,0,93,120,'80'),(805,NULL,1001,70,1,81,5,4.7,0,0,0,95,120,'80'),(806,NULL,1001,70,2,81,3,4.7,0,0,0,97,120,'80'),(807,NULL,1001,70,3,81,1,4.7,0,0,0,99,120,'80'),(808,NULL,1001,70,4,81,99,4.7,0,0,0,1,120,'80'),(809,NULL,1001,70,3,81,97,4.7,0,0,0,3,120,'80'),(810,NULL,1001,70,2,81,95,4.7,0,0,0,5,120,'80'),(811,NULL,1001,70,1,81,93,4.7,0,0,0,7,120,'80'),(812,NULL,1001,70,3,81,91,4.7,0,0,0,9,120,'80'),(813,NULL,1001,70,1,81,89,4.7,0,0,0,11,120,'80'),(814,NULL,1001,70,3,81,87,4.7,0,0,0,13,120,'80'),(815,NULL,1001,70,5,81,85,4.7,0,0,0,15,120,'80'),(816,NULL,1001,70,5,81,82,4.7,0,0,0,18,120,'80'),(817,NULL,1001,70,4,81,80,4.7,0,0,0,20,120,'80'),(818,NULL,1001,70,1,81,78,4.7,0,0,0,22,120,'80'),(819,NULL,1001,70,4,81,76,4.7,0,0,0,24,120,'80'),(820,NULL,1001,70,1,81,74,4.7,0,0,0,26,120,'80'),(821,NULL,1001,70,4,81,72,4.7,0,0,0,28,120,'80'),(822,NULL,1001,70,4,81,70,4.7,0,0,0,30,120,'80'),(823,NULL,1001,70,4,81,68,4.7,0,0,0,32,120,'80'),(824,NULL,1001,70,2,81,66,4.7,0,0,0,34,120,'80'),(825,NULL,1001,70,1,81,64,4.7,0,0,0,36,120,'80'),(826,NULL,1001,70,3,81,62,4.7,0,0,0,38,120,'80'),(827,NULL,1001,70,2,81,60,4.7,0,0,0,40,120,'80'),(828,NULL,1001,70,4,81,58,4.7,0,0,0,42,120,'80'),(829,NULL,1001,70,4,81,56,4.7,0,0,0,44,120,'80'),(830,NULL,1001,70,2,81,54,4.7,0,0,0,46,120,'80'),(831,NULL,1001,70,1,81,52,4.7,0,0,0,48,120,'80'),(832,NULL,1001,70,4,81,50,4.7,0,0,0,50,120,'80'),(833,NULL,1001,70,4,81,48,4.7,0,0,0,52,120,'80'),(834,NULL,1001,70,2,81,46,4.7,0,0,0,54,120,'80'),(835,NULL,1001,70,1,81,44,4.7,0,0,0,56,120,'80'),(836,NULL,1001,70,5,81,42,4.7,0,0,0,58,120,'80'),(837,NULL,1001,70,4,81,40,4.7,0,0,0,60,120,'80'),(838,NULL,1001,70,3,81,38,4.7,0,0,0,62,120,'80'),(839,NULL,1001,70,1,81,36,4.7,0,0,0,64,120,'80'),(840,NULL,1001,70,3,81,34,4.7,0,0,0,66,120,'80'),(841,NULL,1001,70,1,81,32,4.7,0,0,0,68,120,'80'),(842,NULL,1001,70,4,81,30,4.7,0,0,0,70,120,'80'),(843,NULL,1001,70,2,81,28,4.7,0,0,0,72,120,'80'),(844,NULL,1001,70,2,81,26,4.7,0,0,0,74,120,'80'),(845,NULL,1001,70,1,81,24,4.7,0,0,0,76,120,'80'),(846,NULL,1001,70,3,81,22,4.7,0,0,0,78,120,'80'),(847,NULL,1001,70,4,81,20,4.7,0,0,0,80,120,'80'),(848,NULL,1001,70,4,81,15,4.7,0,0,0,85,120,'80'),(849,NULL,1001,70,1,81,17,4.7,0,0,0,83,120,'80'),(850,NULL,1001,70,1,81,13,4.7,0,0,0,87,120,'80'),(851,NULL,1001,70,1,81,11,4.7,0,0,0,89,120,'80'),(852,NULL,1001,70,4,81,9,4.7,0,0,0,91,120,'80'),(853,NULL,1001,70,1,81,7,4.7,0,0,0,93,120,'80'),(854,NULL,1001,70,4,81,3,4.7,0,0,0,97,120,'80'),(855,NULL,1001,70,1,81,1,4.7,0,0,0,99,120,'80'),(856,NULL,1001,70,4,81,5,4.7,0,0,0,95,120,'80'),(857,NULL,1001,70,3,81,99,4.7,0,0,0,1,120,'80'),(858,NULL,1001,70,1,81,97,4.7,0,0,0,3,120,'80'),(859,NULL,1001,70,3,81,95,4.7,0,0,0,5,120,'80'),(860,NULL,1001,70,4,81,93,4.7,0,0,0,7,120,'80'),(861,NULL,1001,70,4,81,91,4.7,0,0,0,9,120,'80'),(862,NULL,1001,70,3,81,89,4.7,0,0,0,11,120,'80'),(863,NULL,1001,70,4,81,87,4.7,0,0,0,13,120,'80'),(864,NULL,1001,70,3,81,85,4.7,0,0,0,15,120,'80'),(865,NULL,1001,70,2,81,83,4.7,0,0,0,17,120,'80'),(866,NULL,1001,70,4,81,81,4.7,0,0,0,19,120,'80'),(867,NULL,1001,70,4,81,79,4.7,0,0,0,21,120,'80'),(868,NULL,1001,70,1,81,77,4.7,0,0,0,23,120,'80'),(869,NULL,1001,70,4,81,75,4.7,0,0,0,25,120,'80'),(870,NULL,1001,70,3,81,73,4.7,0,0,0,27,120,'80'),(871,NULL,1001,70,3,81,71,4.7,0,0,0,29,120,'80'),(872,NULL,1001,70,4,81,69,4.7,0,0,0,31,120,'80'),(873,NULL,1001,70,3,81,66,4.7,0,0,0,34,120,'80'),(874,NULL,1001,70,3,81,64,4.7,0,0,0,36,120,'80'),(875,NULL,1001,70,4,81,62,4.7,0,0,0,38,120,'80'),(876,NULL,1001,70,3,81,60,4.7,0,0,0,40,120,'80'),(877,NULL,1001,70,4,81,58,4.7,0,0,0,42,120,'80'),(878,NULL,1001,70,2,81,56,4.7,0,0,0,44,120,'80'),(879,NULL,1001,70,4,81,54,4.7,0,0,0,46,120,'80'),(880,NULL,1001,70,3,81,52,4.7,0,0,0,48,120,'80'),(881,NULL,1001,70,2,81,50,4.7,0,0,0,50,120,'80'),(882,NULL,1001,70,4,81,48,4.7,0,0,0,52,120,'80'),(883,NULL,1001,70,4,81,46,4.7,0,0,0,54,120,'80'),(884,NULL,1001,70,3,81,44,4.7,0,0,0,56,120,'80'),(885,NULL,1001,70,3,81,42,4.7,0,0,0,58,120,'80'),(886,NULL,1001,70,5,81,40,4.7,0,0,0,60,120,'80'),(887,NULL,1001,70,3,81,38,4.7,0,0,0,62,120,'80'),(888,NULL,1001,70,1,81,36,4.7,0,0,0,64,120,'80'),(889,NULL,1001,70,4,81,34,4.7,0,0,0,66,120,'80'),(890,NULL,1001,70,4,81,32,4.7,0,0,0,68,120,'80'),(891,NULL,1001,70,1,81,30,4.7,0,0,0,70,120,'80'),(892,NULL,1001,70,4,81,28,4.7,0,0,0,72,120,'80'),(893,NULL,1001,70,4,81,26,4.7,0,0,0,74,120,'80'),(894,NULL,1001,70,14,81,24,4.7,0,0,0,76,120,'80'),(895,NULL,1001,70,19,81,22,4.7,0,0,0,78,120,'80'),(896,NULL,1001,70,1,81,20,4.7,0,0,0,80,120,'80'),(897,NULL,1001,70,2,81,18,4.7,0,0,0,82,120,'80'),(898,NULL,1001,70,6,81,16,4.7,0,0,0,84,120,'80'),(899,NULL,1001,70,0,81,14,4.7,0,0,0,86,120,'80'),(900,NULL,1001,70,4,81,12,4.7,0,0,0,88,120,'80'),(901,NULL,1001,70,3,81,10,4.7,0,0,0,90,120,'80'),(902,NULL,1001,70,3,81,8,4.7,0,0,0,92,120,'80'),(903,NULL,1001,70,3,81,6,4.7,0,0,0,94,120,'80'),(904,NULL,1001,70,2,81,4,4.7,0,0,0,96,120,'80'),(905,NULL,1001,70,2,81,2,4.7,0,0,0,98,120,'80'),(906,NULL,1001,70,0,81,100,4.7,0,0,0,0,120,'80'),(907,NULL,1001,70,3,81,98,4.7,0,0,0,2,120,'80'),(908,NULL,1001,70,3,81,96,4.7,0,0,0,4,120,'80'),(909,NULL,1001,70,3,81,94,4.7,0,0,0,6,120,'80'),(910,NULL,1001,70,2,81,92,4.7,0,0,0,8,120,'80'),(911,NULL,1001,70,2,81,90,4.7,0,0,0,10,120,'80'),(912,NULL,1001,70,3,81,88,4.7,0,0,0,12,120,'80'),(913,NULL,1001,70,2,81,86,4.7,0,0,0,14,120,'80'),(914,NULL,1001,70,2,81,84,4.7,0,0,0,16,120,'80'),(915,NULL,1001,70,3,81,82,4.7,0,0,0,18,120,'80'),(916,NULL,1001,70,3,81,80,4.7,0,0,0,20,120,'80'),(917,NULL,1001,70,2,81,78,4.7,0,0,0,22,120,'80'),(918,NULL,1001,70,3,81,76,4.7,0,0,0,24,120,'80'),(919,NULL,1001,70,3,81,74,4.7,0,0,0,26,120,'80'),(920,NULL,1001,70,3,81,72,4.7,0,0,0,28,120,'80'),(921,NULL,1001,70,3,81,70,4.7,0,0,0,30,120,'80'),(922,NULL,1001,70,2,81,68,4.7,0,0,0,32,120,'80'),(923,NULL,1001,70,2,81,66,4.7,0,0,0,34,120,'80'),(924,NULL,1001,70,2,81,64,4.7,0,0,0,36,120,'80'),(925,NULL,1001,70,2,81,62,4.7,0,0,0,38,120,'80'),(926,NULL,1001,70,3,81,60,4.7,0,0,0,40,120,'80'),(927,NULL,1001,70,2,81,58,4.7,0,0,0,42,120,'80'),(928,NULL,1001,70,2,81,56,4.7,0,0,0,44,120,'80'),(929,NULL,1001,70,3,81,54,4.7,0,0,0,46,120,'80'),(930,NULL,1001,70,3,81,52,4.7,0,0,0,48,120,'80'),(931,NULL,1001,70,2,81,50,4.7,0,0,0,50,120,'80'),(932,NULL,1001,70,3,81,48,4.7,0,0,0,52,120,'80'),(933,NULL,1001,70,3,81,46,4.7,0,0,0,54,120,'80'),(934,NULL,1001,70,3,81,44,4.7,0,0,0,56,120,'80'),(935,NULL,1001,70,2,81,42,4.7,0,0,0,58,120,'80'),(936,NULL,1001,70,3,81,40,4.7,0,0,0,60,120,'80'),(937,NULL,1001,70,3,81,38,4.7,0,0,0,62,120,'80'),(938,NULL,1001,70,1,81,36,4.7,0,0,0,64,120,'80'),(939,NULL,1001,70,3,81,34,4.7,0,0,0,66,120,'80'),(940,NULL,1001,70,3,81,32,4.7,0,0,0,68,120,'80'),(941,NULL,1001,70,2,81,30,4.7,0,0,0,70,120,'80'),(942,NULL,1001,70,2,81,28,4.7,0,0,0,72,120,'80'),(943,NULL,1001,70,2,81,26,4.7,0,0,0,74,120,'80'),(944,NULL,1001,70,2,81,24,4.7,0,0,0,76,120,'80'),(945,NULL,1001,70,3,81,22,4.7,0,0,0,78,120,'80'),(946,NULL,1001,70,3,81,20,4.7,0,0,0,80,120,'80'),(947,NULL,1001,70,2,81,18,4.7,0,0,0,82,120,'80'),(948,NULL,1001,70,3,81,16,4.7,0,0,0,84,120,'80'),(949,NULL,1001,70,3,81,14,4.7,0,0,0,86,120,'80'),(950,NULL,1001,70,2,81,12,4.7,0,0,0,88,120,'80'),(951,NULL,1001,70,3,81,10,4.7,0,0,0,90,120,'80'),(952,NULL,1001,70,2,81,8,4.7,0,0,0,92,120,'80'),(953,NULL,1001,70,2,81,6,4.7,0,0,0,94,120,'80'),(954,NULL,1001,70,2,81,4,4.7,0,0,0,96,120,'80'),(955,NULL,1001,70,3,81,2,4.7,0,0,0,98,120,'80'),(956,NULL,1001,70,0,81,100,4.7,0,0,0,0,120,'80'),(957,NULL,1001,70,3,81,98,4.7,0,0,0,2,120,'80'),(958,NULL,1001,70,2,81,96,4.7,0,0,0,4,120,'80'),(959,NULL,1001,70,3,81,94,4.7,0,0,0,6,120,'80'),(960,NULL,1001,70,2,81,92,4.7,0,0,0,8,120,'80'),(961,NULL,1001,70,3,81,90,4.7,0,0,0,10,120,'80'),(962,NULL,1001,70,2,81,87,4.7,0,0,0,13,120,'80'),(963,NULL,1001,70,2,81,85,4.7,0,0,0,15,120,'80'),(964,NULL,1001,70,3,81,83,4.7,0,0,0,17,120,'80'),(965,NULL,1001,70,3,81,81,4.7,0,0,0,19,120,'80'),(966,NULL,1001,70,2,81,79,4.7,0,0,0,21,120,'80'),(967,NULL,1001,70,2,81,77,4.7,0,0,0,23,120,'80'),(968,NULL,1001,70,2,81,75,4.7,0,0,0,25,120,'80'),(969,NULL,1001,70,2,81,73,4.7,0,0,0,27,120,'80'),(970,NULL,1001,70,3,81,71,4.7,0,0,0,29,120,'80'),(971,NULL,1001,70,3,81,69,4.7,0,0,0,31,120,'80'),(972,NULL,1001,70,2,81,67,4.7,0,0,0,33,120,'80'),(973,NULL,1001,70,2,81,65,4.7,0,0,0,35,120,'80'),(974,NULL,1001,70,2,81,63,4.7,0,0,0,37,120,'80'),(975,NULL,1001,70,2,81,61,4.7,0,0,0,39,120,'80'),(976,NULL,1001,70,2,81,59,4.7,0,0,0,41,120,'80'),(977,NULL,1001,70,3,81,57,4.7,0,0,0,43,120,'80'),(978,NULL,1001,70,3,81,55,4.7,0,0,0,45,120,'80'),(979,NULL,1001,70,3,81,53,4.7,0,0,0,47,120,'80'),(980,NULL,1001,70,3,81,51,4.7,0,0,0,49,120,'80'),(981,NULL,1001,70,2,81,49,4.7,0,0,0,51,120,'80'),(982,NULL,1001,70,3,81,47,4.7,0,0,0,53,120,'80'),(983,NULL,1001,70,3,81,45,4.7,0,0,0,55,120,'80'),(984,NULL,1001,70,2,81,43,4.7,0,0,0,57,120,'80'),(985,NULL,1001,70,2,81,41,4.7,0,0,0,59,120,'80'),(986,NULL,1001,70,3,81,39,4.7,0,0,0,61,120,'80'),(987,NULL,1001,70,3,81,37,4.7,0,0,0,63,120,'80'),(988,NULL,1001,70,3,81,35,4.7,0,0,0,65,120,'80'),(989,NULL,1001,70,3,81,33,4.7,0,0,0,67,120,'80'),(990,NULL,1001,70,3,81,31,4.7,0,0,0,69,120,'80'),(991,NULL,1001,70,3,81,28,4.7,0,0,0,72,120,'80'),(992,NULL,1001,70,2,81,26,4.7,0,0,0,74,120,'80'),(993,NULL,1001,70,3,81,24,4.7,0,0,0,76,120,'80'),(994,NULL,1001,70,3,81,22,4.7,0,0,0,78,120,'80'),(995,NULL,1001,70,2,81,20,4.7,0,0,0,80,120,'80'),(996,NULL,1001,70,2,81,18,4.7,0,0,0,82,120,'80'),(997,NULL,1001,70,3,81,16,4.7,0,0,0,84,120,'80'),(998,NULL,1001,70,5,81,14,4.7,0,0,0,86,120,'80'),(999,NULL,1001,70,2,81,12,4.7,0,0,0,88,120,'80'),(1000,NULL,1001,70,3,81,10,4.7,0,0,0,90,120,'80'),(1001,NULL,1001,70,2,81,8,4.7,0,0,0,92,120,'80'),(1002,NULL,1001,70,3,81,6,4.7,0,0,0,94,120,'80'),(1003,NULL,1001,70,2,81,3,4.7,0,0,0,97,120,'80'),(1004,NULL,1001,70,3,81,97,4.7,0,0,0,3,120,'80'),(1005,NULL,1001,70,3,81,99,4.7,0,0,0,1,120,'80'),(1006,NULL,1001,70,3,81,93,4.7,0,0,0,7,120,'80'),(1007,NULL,1001,70,2,81,95,4.7,0,0,0,5,120,'80'),(1008,NULL,1001,70,3,81,87,4.7,0,0,0,13,120,'80'),(1009,NULL,1001,70,2,81,89,4.7,0,0,0,11,120,'80'),(1010,NULL,1001,70,2,81,91,4.7,0,0,0,9,120,'80'),(1011,NULL,1001,70,3,81,85,4.7,0,0,0,15,120,'80'),(1012,NULL,1001,70,2,81,75,4.7,0,0,0,25,120,'80'),(1013,NULL,1001,70,3,81,81,4.7,0,0,0,19,120,'80'),(1014,NULL,1001,70,2,81,79,4.7,0,0,0,21,120,'80'),(1015,NULL,1001,70,3,81,73,4.7,0,0,0,27,120,'80'),(1016,NULL,1001,70,2,81,83,4.7,0,0,0,17,120,'80'),(1017,NULL,1001,70,2,81,69,4.7,0,0,0,31,120,'80'),(1018,NULL,1001,70,2,81,65,4.7,0,0,0,35,120,'80'),(1019,NULL,1001,70,3,81,67,4.7,0,0,0,33,120,'80'),(1020,NULL,1001,70,2,81,71,4.7,0,0,0,29,120,'80'),(1021,NULL,1001,70,2,88,61,4.7,0,0,0,39,120,'80'),(1022,NULL,1001,70,2,81,77,4.7,0,0,0,23,120,'80'),(1023,NULL,1001,70,4,82,63,4.7,0,0,0,37,120,'80'),(1024,NULL,1001,70,3,87,57,4.7,0,0,0,43,120,'80'),(1025,NULL,1001,70,2,84,55,4.7,0,0,0,45,120,'80'),(1026,NULL,1001,70,2,83,53,4.7,0,0,0,47,120,'80'),(1027,NULL,1001,70,3,82,51,4.7,0,0,0,49,120,'80'),(1028,NULL,1001,70,3,81,45,4.7,0,0,0,55,120,'80'),(1029,NULL,1001,70,3,81,47,4.7,0,0,0,53,120,'80'),(1030,NULL,1001,40,1,81,43,4.7,0,0,0,57,120,'80'),(1031,NULL,1001,40,0,81,39,4.7,0,0,0,61,120,'80'),(1032,NULL,1001,70,3,82,49,4.7,0,0,0,51,120,'80'),(1033,NULL,1001,40,1,81,41,4.7,0,0,0,59,120,'80'),(1034,NULL,1001,70,3,85,59,4.7,0,0,0,41,120,'80'),(1035,NULL,1001,40,0,81,37,4.7,0,0,0,63,120,'80'),(1036,NULL,1001,40,1,81,33,4.7,0,0,0,67,120,'80'),(1037,NULL,1001,40,1,81,31,4.7,0,0,0,69,120,'80'),(1038,NULL,1001,40,1,81,29,4.7,0,0,0,71,120,'80'),(1039,NULL,1001,40,2,81,27,4.7,0,0,0,73,120,'80'),(1040,NULL,1001,40,1,83,25,4.7,0,0,0,75,120,'80'),(1041,NULL,1001,40,1,84,23,4.7,0,0,0,77,120,'80'),(1042,NULL,1001,40,0,83,21,4.7,0,0,0,79,120,'80'),(1043,NULL,1001,40,1,82,19,4.7,0,0,0,81,120,'80'),(1044,NULL,1001,40,1,82,17,4.7,0,0,0,83,120,'80'),(1045,NULL,1001,40,1,81,15,4.7,0,0,0,85,120,'80'),(1046,NULL,1001,40,1,81,13,4.7,0,0,0,87,120,'80'),(1047,NULL,1001,40,1,81,11,4.7,0,0,0,89,120,'80'),(1048,NULL,1001,40,1,81,9,4.7,0,0,0,91,120,'80'),(1049,NULL,1001,40,1,81,7,4.7,0,0,0,93,120,'80'),(1050,NULL,1001,40,1,81,5,4.7,0,0,0,95,120,'80'),(1051,NULL,1001,40,1,81,3,4.7,0,0,0,97,120,'80'),(1052,NULL,1001,40,1,81,1,4.7,0,0,0,99,120,'80'),(1053,NULL,1001,40,0,81,99,4.7,0,0,0,1,120,'80'),(1054,NULL,1001,40,2,81,97,4.7,0,0,0,3,120,'80'),(1055,NULL,1001,40,2,81,95,4.7,0,0,0,5,120,'80'),(1056,NULL,1001,40,1,81,93,4.7,0,0,0,7,120,'80'),(1057,NULL,1001,40,1,81,91,4.7,0,0,0,9,120,'80'),(1058,NULL,1001,40,1,81,89,4.7,0,0,0,11,120,'80'),(1059,NULL,1001,40,1,81,87,4.7,0,0,0,13,120,'80'),(1060,NULL,1001,40,1,81,85,4.7,0,0,0,15,120,'80'),(1061,NULL,1001,40,0,81,83,4.7,0,0,0,17,120,'80'),(1062,NULL,1001,40,0,81,81,4.7,0,0,0,19,120,'80'),(1063,NULL,1001,133,4,81,79,4.7,0,0,0,21,120,'80'),(1064,NULL,1001,206,14,81,77,4.7,0,0,0,23,120,'80'),(1065,NULL,1001,255,17,81,73,4.7,0,0,0,27,120,'80'),(1066,NULL,1001,167,10,81,75,4.7,0,0,0,25,120,'80'),(1067,NULL,1001,221,15,81,71,4.7,0,0,0,29,120,'80'),(1068,NULL,1001,99,1,81,69,4.7,0,0,0,31,120,'80'),(1069,NULL,1001,40,0,81,67,4.7,0,0,0,33,120,'80'),(1070,NULL,1001,40,0,81,65,4.7,0,0,0,35,120,'80'),(1071,NULL,1001,289,22,81,63,4.7,0,0,0,37,120,'80'),(1072,NULL,1001,306,18,81,60,4.7,0,0,0,40,120,'80'),(1073,NULL,1001,200,13,81,58,4.7,0,0,0,42,120,'80'),(1074,NULL,1001,40,0,81,56,4.7,0,0,0,44,120,'80'),(1075,NULL,1001,40,2,81,54,4.7,0,0,0,46,120,'80'),(1076,NULL,1001,40,1,81,52,4.7,0,0,0,48,120,'80'),(1077,NULL,1001,40,0,81,50,4.7,0,0,0,50,120,'80'),(1078,NULL,1001,42,2,81,48,4.7,0,0,0,52,120,'80'),(1079,NULL,1001,73,4,81,42,4.7,0,0,0,58,120,'80'),(1080,NULL,1001,163,8,81,38,4.7,0,0,0,62,120,'80'),(1081,NULL,1001,74,3,81,46,4.7,0,0,0,54,120,'80'),(1082,NULL,1001,73,3,81,44,4.7,0,0,0,56,120,'80'),(1083,NULL,1001,73,3,81,40,4.7,0,0,0,60,120,'80'),(1084,NULL,1001,73,3,81,36,4.7,0,0,0,64,120,'80'),(1085,NULL,1001,74,3,81,34,4.7,0,0,0,66,120,'80'),(1086,NULL,1001,72,3,81,32,4.7,0,0,0,68,120,'80'),(1087,NULL,1001,74,4,82,26,4.7,0,0,0,74,120,'80'),(1088,NULL,1001,74,2,81,30,4.7,0,0,0,70,120,'80'),(1089,NULL,1001,74,3,95,24,4.7,0,0,0,76,120,'80'),(1090,NULL,1001,76,4,82,28,4.7,0,0,0,72,120,'80'),(1091,NULL,1001,73,3,96,20,4.7,0,0,0,80,120,'80'),(1092,NULL,1001,72,3,96,18,4.7,0,0,0,82,120,'80'),(1093,NULL,1001,72,3,96,16,4.7,0,0,0,84,120,'80'),(1094,NULL,1001,73,2,96,22,4.7,0,0,0,78,120,'80'),(1095,NULL,1001,75,3,97,14,4.7,0,0,0,86,120,'80'),(1096,NULL,1001,73,3,86,12,4.7,0,0,0,88,120,'80'),(1097,NULL,1001,75,2,84,10,4.7,0,0,0,90,120,'80'),(1098,NULL,1001,75,3,83,8,4.7,0,0,0,92,120,'80'),(1099,NULL,1001,73,3,82,6,4.7,0,0,0,94,120,'80'),(1100,NULL,1001,72,3,81,4,4.7,0,0,0,96,120,'80'),(1101,NULL,1001,74,3,82,2,4.7,0,0,0,98,120,'80'),(1102,NULL,1001,74,0,81,100,4.7,0,0,0,0,120,'80'),(1103,NULL,1001,74,2,82,98,4.7,0,0,0,2,120,'80'),(1104,NULL,1001,74,3,84,96,4.7,0,0,0,4,120,'80'),(1105,NULL,1001,73,2,83,94,4.7,0,0,0,6,120,'80'),(1106,NULL,1001,72,3,83,92,4.7,0,0,0,8,120,'80'),(1107,NULL,1001,73,3,82,90,4.7,0,0,0,10,120,'80'),(1108,NULL,1001,73,3,82,88,4.7,0,0,0,12,120,'80'),(1109,NULL,1001,72,2,81,86,4.7,0,0,0,14,120,'80'),(1110,NULL,1001,74,3,81,84,4.7,0,0,0,16,120,'80'),(1111,NULL,1001,74,2,81,82,4.7,0,0,0,18,120,'80'),(1112,NULL,1001,73,3,81,80,4.7,0,0,0,20,120,'80'),(1113,NULL,1001,74,2,81,78,4.7,0,0,0,22,120,'80'),(1114,NULL,1001,74,2,81,76,4.7,0,0,0,24,120,'80'),(1115,NULL,1001,75,3,81,74,4.7,0,0,0,26,120,'80'),(1116,NULL,1001,73,2,81,72,4.7,0,0,0,28,120,'80'),(1117,NULL,1001,74,3,81,70,4.7,0,0,0,30,120,'80'),(1118,NULL,1001,74,3,81,68,4.7,0,0,0,32,120,'80'),(1119,NULL,1001,74,3,81,66,4.7,0,0,0,34,120,'80'),(1120,NULL,1001,73,3,81,64,4.7,0,0,0,36,120,'80'),(1121,NULL,1001,74,3,81,62,4.7,0,0,0,38,120,'80'),(1122,NULL,1001,74,3,81,60,4.7,0,0,0,40,120,'80'),(1123,NULL,1001,73,3,81,58,4.7,0,0,0,42,120,'80'),(1124,NULL,1001,73,3,81,56,4.7,0,0,0,44,120,'80'),(1125,NULL,1001,74,3,81,54,4.7,0,0,0,46,120,'80'),(1126,NULL,1001,73,3,81,52,4.7,0,0,0,48,120,'80'),(1127,NULL,1001,73,3,81,50,4.7,0,0,0,50,120,'80'),(1128,NULL,1001,75,3,81,48,4.7,0,0,0,52,120,'80'),(1129,NULL,1001,73,3,81,46,4.7,0,0,0,54,120,'80'),(1130,NULL,1001,74,3,81,44,4.7,0,0,0,56,120,'80'),(1131,NULL,1001,73,3,81,42,4.7,0,0,0,58,120,'80'),(1132,NULL,1001,74,2,81,40,4.7,0,0,0,60,120,'80'),(1133,NULL,1001,74,3,81,38,4.7,0,0,0,62,120,'80'),(1134,NULL,1001,74,3,81,36,4.7,0,0,0,64,120,'80'),(1135,NULL,1001,74,2,81,34,4.7,0,0,0,66,120,'80'),(1136,NULL,1001,74,2,81,32,4.7,0,0,0,68,120,'80'),(1137,NULL,1001,73,3,81,28,4.7,0,0,0,72,120,'80'),(1138,NULL,1001,73,2,81,24,4.7,0,0,0,76,120,'80'),(1139,NULL,1001,75,3,81,20,4.7,0,0,0,80,120,'80'),(1140,NULL,1001,74,3,81,18,4.7,0,0,0,82,120,'80'),(1141,NULL,1001,74,2,81,16,4.7,0,0,0,84,120,'80'),(1142,NULL,1001,72,3,81,14,4.7,0,0,0,86,120,'80'),(1143,NULL,1001,73,3,81,12,4.7,0,0,0,88,120,'80'),(1144,NULL,1001,75,2,81,10,4.7,0,0,0,90,120,'80'),(1145,NULL,1001,72,2,81,7,4.7,0,0,0,93,120,'80'),(1146,NULL,1001,75,2,81,5,4.7,0,0,0,95,120,'80'),(1147,NULL,1001,74,2,81,1,4.7,0,0,0,99,120,'80'),(1148,NULL,1001,74,2,81,99,4.7,0,0,0,1,120,'80'),(1149,NULL,1001,74,3,81,97,4.7,0,0,0,3,120,'80'),(1150,NULL,1001,73,3,81,95,4.7,0,0,0,5,120,'80'),(1151,NULL,1001,73,3,82,93,4.7,0,0,0,7,120,'80'),(1152,NULL,1001,74,3,83,91,4.7,0,0,0,9,120,'80'),(1153,NULL,1001,74,3,81,89,4.7,0,0,0,11,120,'80'),(1154,NULL,1001,73,3,81,87,4.7,0,0,0,13,120,'80'),(1155,NULL,1001,75,3,85,85,4.7,0,0,0,15,120,'80'),(1156,NULL,1001,73,3,84,83,4.7,0,0,0,17,120,'80'),(1157,NULL,1001,74,3,84,81,4.7,0,0,0,19,120,'80'),(1158,NULL,1001,74,3,85,79,4.7,0,0,0,21,120,'80'),(1159,NULL,1001,74,3,101,77,4.7,0,0,0,23,120,'80'),(1160,NULL,1001,75,3,101,75,4.7,0,0,0,25,120,'80'),(1161,NULL,1001,74,3,105,73,4.7,0,0,0,27,120,'80'),(1162,NULL,1001,75,3,86,71,4.7,0,0,0,29,120,'80'),(1163,NULL,1001,75,3,84,69,4.7,0,0,0,31,120,'80'),(1164,NULL,1001,73,3,82,67,4.7,0,0,0,33,120,'80'),(1165,NULL,1001,74,3,82,65,4.7,0,0,0,35,120,'80'),(1166,NULL,1001,74,3,81,63,4.7,0,0,0,37,120,'80'),(1167,NULL,1001,75,3,81,61,4.7,0,0,0,39,120,'80'),(1168,NULL,1001,74,3,81,57,4.7,0,0,0,43,120,'80'),(1169,NULL,1001,73,3,81,59,4.7,0,0,0,41,120,'80'),(1170,NULL,1001,73,3,81,55,4.7,0,0,0,45,120,'80'),(1171,NULL,1001,74,3,81,53,4.7,0,0,0,47,120,'80'),(1172,NULL,1001,75,3,81,51,4.7,0,0,0,49,120,'80'),(1173,NULL,1001,72,3,81,49,4.7,0,0,0,51,120,'80'),(1174,NULL,1001,73,3,81,47,4.7,0,0,0,53,120,'80'),(1175,NULL,1001,74,3,81,45,4.7,0,0,0,55,120,'80'),(1176,NULL,1001,73,3,81,43,4.7,0,0,0,57,120,'80'),(1177,NULL,1001,73,3,81,41,4.7,0,0,0,59,120,'80'),(1178,NULL,1001,72,3,81,39,4.7,0,0,0,61,120,'80'),(1179,NULL,1001,74,3,81,37,4.7,0,0,0,63,120,'80'),(1180,NULL,1001,74,464,81,100,4.7,0,0,0,0,120,'80'),(1181,NULL,1001,73,86,81,98,4.7,0,0,0,2,120,'80'),(1182,NULL,1001,74,87,81,96,4.7,0,0,0,4,120,'80'),(1183,NULL,1001,74,88,81,94,4.7,0,0,0,6,120,'80'),(1184,NULL,1001,74,88,81,92,4.7,0,0,0,8,120,'80'),(1185,NULL,1001,73,96,81,90,4.7,0,0,0,10,120,'80'),(1186,NULL,1001,73,91,81,88,4.7,0,0,0,12,120,'80'),(1187,NULL,1001,74,91,81,85,4.7,0,0,0,15,120,'80'),(1188,NULL,1001,73,88,81,83,4.7,0,0,0,17,120,'80'),(1189,NULL,1001,73,90,81,81,4.7,0,0,0,19,120,'80'),(1190,NULL,1001,74,91,81,79,4.7,0,0,0,21,120,'80'),(1191,NULL,1001,73,174,81,77,4.7,0,0,0,23,120,'80'),(1192,NULL,1001,74,80,81,75,4.7,0,0,0,25,120,'80'),(1193,NULL,1001,121,116,81,73,4.7,0,0,0,27,120,'80'),(1194,NULL,1001,74,89,81,71,4.7,0,0,0,29,120,'80'),(1195,NULL,1001,74,96,81,69,4.7,0,0,0,31,120,'80'),(1196,NULL,1001,73,89,81,67,4.7,0,0,0,33,120,'80'),(1197,NULL,1001,74,89,81,65,4.7,0,0,0,35,120,'80'),(1198,NULL,1001,74,75,81,63,4.7,0,0,0,37,120,'80'),(1199,NULL,1001,73,98,81,61,4.7,0,0,0,39,120,'80'),(1200,NULL,1001,74,88,81,59,4.7,0,0,0,41,120,'80'),(1201,NULL,1001,73,97,81,57,4.7,0,0,0,43,120,'80'),(1202,NULL,1001,74,83,81,55,4.7,0,0,0,45,120,'80'),(1203,NULL,1001,74,89,81,53,4.7,0,0,0,47,120,'80'),(1204,NULL,1001,74,88,81,51,4.7,0,0,0,49,120,'80'),(1205,NULL,1001,73,103,81,49,4.7,0,0,0,51,120,'80'),(1206,NULL,1001,74,89,81,47,4.7,0,0,0,53,120,'80'),(1207,NULL,1001,74,99,81,45,4.7,0,0,0,55,120,'80'),(1208,NULL,1001,74,78,81,43,4.7,0,0,0,57,120,'80'),(1209,NULL,1001,74,100,81,41,4.7,0,0,0,59,120,'80'),(1210,NULL,1001,74,78,81,39,4.7,0,0,0,61,120,'80'),(1211,NULL,1001,73,97,81,37,4.7,0,0,0,63,120,'80'),(1212,NULL,1001,74,88,81,35,4.7,0,0,0,65,120,'80'),(1213,NULL,1001,74,83,81,33,4.7,0,0,0,67,120,'80'),(1214,NULL,1001,74,85,81,31,4.7,0,0,0,69,120,'80'),(1215,NULL,1001,74,82,81,29,4.7,0,0,0,71,120,'80'),(1216,NULL,1001,75,83,81,27,4.7,0,0,0,73,120,'80'),(1217,NULL,1001,74,91,81,25,4.7,0,0,0,75,120,'80'),(1218,NULL,1001,74,82,81,23,4.7,0,0,0,77,120,'80'),(1219,NULL,1001,74,91,81,21,4.7,0,0,0,79,120,'80'),(1220,NULL,1001,74,79,81,19,4.7,0,0,0,81,120,'80'),(1221,NULL,1001,73,96,81,17,4.7,0,0,0,83,120,'80'),(1222,NULL,1001,73,95,81,15,4.7,0,0,0,85,120,'80'),(1223,NULL,1001,74,94,81,12,4.7,0,0,0,88,120,'80'),(1224,NULL,1001,73,82,81,10,4.7,0,0,0,90,120,'80'),(1225,NULL,1001,73,97,81,8,4.7,0,0,0,92,120,'80'),(1226,NULL,1001,73,79,81,6,4.7,0,0,0,94,120,'80'),(1227,NULL,1001,74,83,81,4,4.7,0,0,0,96,120,'80'),(1228,NULL,1001,73,101,81,1,4.7,0,0,0,99,120,'80'),(1229,NULL,1001,74,87,81,99,4.7,0,0,0,1,120,'80'),(1230,NULL,1001,74,91,81,97,4.7,0,0,0,3,120,'80'),(1231,NULL,1001,73,94,81,95,4.7,0,0,0,5,120,'80'),(1232,NULL,1001,74,89,81,93,4.7,0,0,0,7,120,'80'),(1233,NULL,1001,74,90,81,91,4.7,0,0,0,9,120,'80'),(1234,NULL,1001,74,86,81,89,4.7,0,0,0,11,120,'80'),(1235,NULL,1001,73,89,81,87,4.7,0,0,0,13,120,'80'),(1236,NULL,1001,74,84,81,85,4.7,0,0,0,15,120,'80'),(1237,NULL,1001,73,91,81,83,4.7,0,0,0,17,120,'80'),(1238,NULL,1001,74,96,81,81,4.7,0,0,0,19,120,'80'),(1239,NULL,1001,74,86,81,79,4.7,0,0,0,21,120,'80'),(1240,NULL,1001,74,97,81,77,4.7,0,0,0,23,120,'80'),(1241,NULL,1001,74,97,81,75,4.7,0,0,0,25,120,'80'),(1242,NULL,1001,74,97,81,73,4.7,0,0,0,27,120,'80'),(1243,NULL,1001,74,97,81,71,4.7,0,0,0,29,120,'80'),(1244,NULL,1001,74,95,81,69,4.7,0,0,0,31,120,'80'),(1245,NULL,1001,74,93,81,67,4.7,0,0,0,33,120,'80'),(1246,NULL,1001,74,97,81,65,4.7,0,0,0,35,120,'80'),(1247,NULL,1001,73,97,81,63,4.7,0,0,0,37,120,'80'),(1248,NULL,1001,74,82,81,61,4.7,0,0,0,39,120,'80'),(1249,NULL,1001,73,80,81,59,4.7,0,0,0,41,120,'80'),(1250,NULL,1001,74,78,81,57,4.7,0,0,0,43,120,'80'),(1251,NULL,1001,74,97,81,55,4.7,0,0,0,45,120,'80'),(1252,NULL,1001,73,82,81,53,4.7,0,0,0,47,120,'80'),(1253,NULL,1001,74,98,81,51,4.7,0,0,0,49,120,'80'),(1254,NULL,1001,74,97,81,49,4.7,0,0,0,51,120,'80'),(1255,NULL,1001,74,87,81,45,4.7,0,0,0,55,120,'80'),(1256,NULL,1001,74,80,81,47,4.7,0,0,0,53,120,'80'),(1257,NULL,1001,74,95,81,43,4.7,0,0,0,57,120,'80'),(1258,NULL,1001,73,100,81,41,4.7,0,0,0,59,120,'80'),(1259,NULL,1001,74,83,81,37,4.7,0,0,0,63,120,'80'),(1260,NULL,1001,74,97,81,33,4.7,0,0,0,67,120,'80'),(1261,NULL,1001,74,83,81,31,4.7,0,0,0,69,120,'80'),(1262,NULL,1001,74,97,81,35,4.7,0,0,0,65,120,'80'),(1263,NULL,1001,73,94,81,39,4.7,0,0,0,61,120,'80'),(1264,NULL,1001,74,99,81,29,4.7,0,0,0,71,120,'80'),(1265,NULL,1001,74,93,81,27,4.7,0,0,0,73,120,'80'),(1266,NULL,1001,73,98,81,25,4.7,0,0,0,75,120,'80'),(1267,NULL,1001,73,85,81,23,4.7,0,0,0,77,120,'80'),(1268,NULL,1001,74,97,81,21,4.7,0,0,0,79,120,'80'),(1269,NULL,1001,74,95,81,19,4.7,0,0,0,81,120,'80'),(1270,NULL,1001,73,98,81,17,4.7,0,0,0,83,120,'80'),(1271,NULL,1001,74,95,81,15,4.7,0,0,0,85,120,'80'),(1272,NULL,1001,73,101,81,13,4.7,0,0,0,87,120,'80'),(1273,NULL,1001,73,89,81,11,4.7,0,0,0,89,120,'80'),(1274,NULL,1001,74,98,81,9,4.7,0,0,0,91,120,'80'),(1275,NULL,1001,74,82,81,7,4.7,0,0,0,93,120,'80'),(1276,NULL,1001,73,99,81,5,4.7,0,0,0,95,120,'80'),(1277,NULL,1001,73,86,81,3,4.7,0,0,0,97,120,'80'),(1278,NULL,1001,74,95,81,1,4.7,0,0,0,99,120,'80'),(1279,NULL,1001,74,93,81,99,4.7,0,0,0,1,120,'80'),(1280,NULL,1001,74,93,81,97,4.7,0,0,0,3,120,'80'),(1281,NULL,1001,74,79,81,95,4.7,0,0,0,5,120,'80'),(1282,NULL,1001,73,99,81,93,4.7,0,0,0,7,120,'80'),(1283,NULL,1001,74,80,81,91,4.7,0,0,0,9,120,'80'),(1284,NULL,1001,74,85,81,89,4.7,0,0,0,11,120,'80'),(1285,NULL,1001,73,78,81,87,4.7,0,0,0,13,120,'80'),(1286,NULL,1001,74,96,81,85,4.7,0,0,0,15,120,'80'),(1287,NULL,1001,74,80,81,83,4.7,0,0,0,17,120,'80'),(1288,NULL,1001,74,80,81,81,4.7,0,0,0,19,120,'80'),(1289,NULL,1001,73,95,81,79,4.7,0,0,0,21,120,'80'),(1290,NULL,1001,73,97,81,77,4.7,0,0,0,23,120,'80'),(1291,NULL,1001,74,95,81,75,4.7,0,0,0,25,120,'80'),(1292,NULL,1001,74,86,81,73,4.7,0,0,0,27,120,'80'),(1293,NULL,1001,73,98,81,71,4.7,0,0,0,29,120,'80'),(1294,NULL,1001,74,95,81,67,4.7,0,0,0,33,120,'80'),(1295,NULL,1001,73,94,81,69,4.7,0,0,0,31,120,'80'),(1296,NULL,1001,74,90,81,65,4.7,0,0,0,35,120,'80'),(1297,NULL,1001,74,99,81,63,4.7,0,0,0,37,120,'80'),(1298,NULL,1001,74,97,81,59,4.7,0,0,0,41,120,'80'),(1299,NULL,1001,73,98,81,61,4.7,0,0,0,39,120,'80'),(1300,NULL,1001,202,321,81,57,4.7,0,0,0,43,120,'80'),(1301,NULL,1001,202,319,81,55,4.7,0,0,0,45,120,'80'),(1302,NULL,1001,201,329,81,53,4.7,0,0,0,47,120,'80'),(1303,NULL,1001,202,312,81,51,4.7,0,0,0,49,120,'80'),(1304,NULL,1001,154,250,81,49,4.7,0,0,0,51,120,'80'),(1305,NULL,1001,154,236,81,47,4.7,0,0,0,53,120,'80'),(1306,NULL,1001,155,222,81,45,4.7,0,0,0,55,120,'80'),(1307,NULL,1001,157,221,87,43,4.7,0,0,0,57,120,'80'),(1308,NULL,1001,155,228,85,41,4.7,0,0,0,59,120,'80'),(1309,NULL,1001,154,238,83,39,4.7,0,0,0,61,120,'80'),(1310,NULL,1001,154,223,82,37,4.7,0,0,0,63,120,'80'),(1311,NULL,1001,155,239,82,35,4.7,0,0,0,65,120,'80'),(1312,NULL,1001,154,238,81,33,4.7,0,0,0,67,120,'80'),(1313,NULL,1001,154,226,81,31,4.7,0,0,0,69,120,'80'),(1314,NULL,1001,154,220,81,29,4.7,0,0,0,71,120,'80'),(1315,NULL,1001,154,238,81,25,4.7,0,0,0,75,120,'80'),(1316,NULL,1001,154,226,81,27,4.7,0,0,0,73,120,'80'),(1317,NULL,1001,155,226,81,23,4.7,0,0,0,77,120,'80'),(1318,NULL,1001,154,238,81,21,4.7,0,0,0,79,120,'80'),(1319,NULL,1001,154,226,81,19,4.7,0,0,0,81,120,'80'),(1320,NULL,1001,154,232,81,17,4.7,0,0,0,83,120,'80'),(1321,NULL,1001,154,237,81,15,4.7,0,0,0,85,120,'80'),(1322,NULL,1001,154,231,81,13,4.7,0,0,0,87,120,'80'),(1323,NULL,1001,154,237,81,11,4.7,0,0,0,89,120,'80'),(1324,NULL,1001,154,222,81,9,4.7,0,0,0,91,120,'80'),(1325,NULL,1001,154,238,81,7,4.7,0,0,0,93,120,'80'),(1326,NULL,1001,154,238,81,5,4.7,0,0,0,95,120,'80'),(1327,NULL,1001,154,228,81,3,4.7,0,0,0,97,120,'80'),(1328,NULL,1001,154,234,81,1,4.7,0,0,0,99,120,'80'),(1329,NULL,1001,155,224,81,99,4.7,0,0,0,1,120,'80'),(1330,NULL,1001,154,241,81,97,4.7,0,0,0,3,120,'80'),(1331,NULL,1001,154,221,81,95,4.7,0,0,0,5,120,'80'),(1332,NULL,1001,155,241,81,93,4.7,0,0,0,7,120,'80'),(1333,NULL,1001,154,223,81,91,4.7,0,0,0,9,120,'80'),(1334,NULL,1001,154,227,81,89,4.7,0,0,0,11,120,'80'),(1335,NULL,1001,155,240,81,87,4.7,0,0,0,13,120,'80'),(1336,NULL,1001,154,241,81,85,4.7,0,0,0,15,120,'80'),(1337,NULL,1001,154,241,81,79,4.7,0,0,0,21,120,'80'),(1338,NULL,1001,154,221,81,81,4.7,0,0,0,19,120,'80'),(1339,NULL,1001,155,236,81,77,4.7,0,0,0,23,120,'80'),(1340,NULL,1001,154,238,87,41,4.7,0,0,0,59,120,'80'),(1341,NULL,1001,101,127,83,37,4.7,0,0,0,63,120,'80'),(1342,NULL,1001,90,100,83,35,4.7,0,0,0,65,120,'80'),(1343,NULL,1001,90,109,82,32,4.7,0,0,0,68,120,'80'),(1344,NULL,1001,89,130,81,30,4.7,0,0,0,70,120,'80'),(1345,NULL,1001,90,111,81,28,4.7,0,0,0,72,120,'80'),(1346,NULL,1001,90,110,82,26,4.7,0,0,0,74,120,'80'),(1347,NULL,1001,90,114,81,24,4.7,0,0,0,76,120,'80'),(1348,NULL,1001,90,119,81,22,4.7,0,0,0,78,120,'80'),(1349,NULL,1001,91,118,81,20,4.7,0,0,0,80,120,'80'),(1350,NULL,1001,90,108,81,18,4.7,0,0,0,82,120,'80'),(1351,NULL,1001,90,108,81,16,4.7,0,0,0,84,120,'80'),(1352,NULL,1001,90,127,81,14,4.7,0,0,0,86,120,'80'),(1353,NULL,1001,90,109,81,12,4.7,0,0,0,88,120,'80'),(1354,NULL,1001,91,119,81,10,4.7,0,0,0,90,120,'80'),(1355,NULL,1001,90,113,81,8,4.7,0,0,0,92,120,'80'),(1356,NULL,1001,90,99,81,6,4.7,0,0,0,94,120,'80'),(1357,NULL,1001,89,110,81,4,4.7,0,0,0,96,120,'80'),(1358,NULL,1001,90,104,81,2,4.7,0,0,0,98,120,'80'),(1359,NULL,1001,90,78,81,100,4.7,0,0,0,0,120,'80'),(1360,NULL,1001,91,108,81,98,4.7,0,0,0,2,120,'80'),(1361,NULL,1001,89,116,81,96,4.7,0,0,0,4,120,'80'),(1362,NULL,1001,89,116,81,93,4.7,0,0,0,7,120,'80'),(1363,NULL,1001,89,106,81,91,4.7,0,0,0,9,120,'80'),(1364,NULL,1001,89,120,81,89,4.7,0,0,0,11,120,'80'),(1365,NULL,1001,90,106,81,87,4.7,0,0,0,13,120,'80'),(1366,NULL,1001,89,129,81,85,4.7,0,0,0,15,120,'80'),(1367,NULL,1001,89,115,81,83,4.7,0,0,0,17,120,'80'),(1368,NULL,1001,90,118,81,81,4.7,0,0,0,19,120,'80'),(1369,NULL,1001,90,118,81,79,4.7,0,0,0,21,120,'80'),(1370,NULL,1001,90,120,81,77,4.7,0,0,0,23,120,'80'),(1371,NULL,1001,89,113,81,75,4.7,0,0,0,25,120,'80'),(1372,NULL,1001,90,108,81,73,4.7,0,0,0,27,120,'80'),(1373,NULL,1001,90,123,81,71,4.7,0,0,0,29,120,'80'),(1374,NULL,1001,90,124,81,69,4.7,0,0,0,31,120,'80'),(1375,NULL,1001,89,114,81,67,4.7,0,0,0,33,120,'80'),(1376,NULL,1001,90,119,81,65,4.7,0,0,0,35,120,'80'),(1377,NULL,1001,90,107,81,63,4.7,0,0,0,37,120,'80'),(1378,NULL,1001,89,125,81,61,4.7,0,0,0,39,120,'80'),(1379,NULL,1001,90,120,81,59,4.7,0,0,0,41,120,'80'),(1380,NULL,1001,90,116,81,57,4.7,0,0,0,43,120,'80'),(1381,NULL,1001,90,124,81,55,4.7,0,0,0,45,120,'80'),(1382,NULL,1001,90,113,81,53,4.7,0,0,0,47,120,'80'),(1383,NULL,1001,90,116,81,51,4.7,0,0,0,49,120,'80'),(1384,NULL,1001,89,111,81,49,4.7,0,0,0,51,120,'80'),(1385,NULL,1001,90,121,81,47,4.7,0,0,0,53,120,'80'),(1386,NULL,1001,90,110,81,45,4.7,0,0,0,55,120,'80'),(1387,NULL,1001,90,116,81,43,4.7,0,0,0,57,120,'80'),(1388,NULL,1001,91,120,81,41,4.7,0,0,0,59,120,'80'),(1389,NULL,1001,90,111,81,38,4.7,0,0,0,62,120,'80'),(1390,NULL,1001,90,117,81,34,4.7,0,0,0,66,120,'80'),(1391,NULL,1001,90,108,81,36,4.7,0,0,0,64,120,'80'),(1392,NULL,1001,90,125,81,30,4.7,0,0,0,70,120,'80'),(1393,NULL,1001,90,117,81,32,4.7,0,0,0,68,120,'80'),(1394,NULL,1001,90,109,81,26,4.7,0,0,0,74,120,'80'),(1395,NULL,1001,90,124,81,24,4.7,0,0,0,76,120,'80'),(1396,NULL,1001,90,115,81,28,4.7,0,0,0,72,120,'80'),(1397,NULL,1001,90,111,81,22,4.7,0,0,0,78,120,'80'),(1398,NULL,1001,89,124,81,20,4.7,0,0,0,80,120,'80'),(1399,NULL,1001,90,108,81,18,4.7,0,0,0,82,120,'80'),(1400,NULL,1001,91,121,81,16,4.7,0,0,0,84,120,'80'),(1401,NULL,1001,90,110,81,14,4.7,0,0,0,86,120,'80'),(1402,NULL,1001,89,111,81,12,4.7,0,0,0,88,120,'80'),(1403,NULL,1001,90,110,81,10,4.7,0,0,0,90,120,'80'),(1404,NULL,1001,90,114,81,8,4.7,0,0,0,92,120,'80'),(1405,NULL,1001,90,117,81,6,4.7,0,0,0,94,120,'80'),(1406,NULL,1001,89,109,81,4,4.7,0,0,0,96,120,'80'),(1407,NULL,1001,89,111,81,2,4.7,0,0,0,98,120,'80'),(1408,NULL,1001,89,77,81,100,4.7,0,0,0,0,120,'80'),(1409,NULL,1001,90,119,81,98,4.7,0,0,0,2,120,'80'),(1410,NULL,1001,90,120,81,96,4.7,0,0,0,4,120,'80'),(1411,NULL,1001,89,114,81,94,4.7,0,0,0,6,120,'80'),(1412,NULL,1001,89,111,81,92,4.7,0,0,0,8,120,'80'),(1413,NULL,1001,90,124,81,90,4.7,0,0,0,10,120,'80'),(1414,NULL,1001,90,104,81,88,4.7,0,0,0,12,120,'80'),(1415,NULL,1001,91,123,81,86,4.7,0,0,0,14,120,'80'),(1416,NULL,1001,90,108,81,84,4.7,0,0,0,16,120,'80'),(1417,NULL,1001,89,123,81,82,4.7,0,0,0,18,120,'80'),(1418,NULL,1001,90,118,81,80,4.7,0,0,0,20,120,'80'),(1419,NULL,1001,90,110,81,78,4.7,0,0,0,22,120,'80'),(1420,NULL,1001,90,118,81,76,4.7,0,0,0,24,120,'80'),(1421,NULL,1001,90,115,81,74,4.7,0,0,0,26,120,'80'),(1422,NULL,1001,90,110,81,72,4.7,0,0,0,28,120,'80'),(1423,NULL,1001,89,120,81,70,4.7,0,0,0,30,120,'80'),(1424,NULL,1001,90,108,81,68,4.7,0,0,0,32,120,'80'),(1425,NULL,1001,90,120,81,66,4.7,0,0,0,34,120,'80'),(1426,NULL,1001,90,115,81,64,4.7,0,0,0,36,120,'80'),(1427,NULL,1001,89,118,81,62,4.7,0,0,0,38,120,'80'),(1428,NULL,1001,90,116,81,60,4.7,0,0,0,40,120,'80'),(1429,NULL,1001,90,116,81,58,4.7,0,0,0,42,120,'80'),(1430,NULL,1001,90,116,81,56,4.7,0,0,0,44,120,'80'),(1431,NULL,1001,90,111,81,54,4.7,0,0,0,46,120,'80'),(1432,NULL,1001,90,109,81,52,4.7,0,0,0,48,120,'80'),(1433,NULL,1001,90,142,81,50,4.7,0,0,0,50,120,'80'),(1434,NULL,1001,90,126,81,48,4.7,0,0,0,52,120,'80'),(1435,NULL,1001,90,90,81,46,4.7,0,0,0,54,120,'80'),(1436,NULL,1001,91,118,81,44,4.7,0,0,0,56,120,'80'),(1437,NULL,1001,90,145,81,42,4.7,0,0,0,58,120,'80'),(1438,NULL,1001,90,109,81,40,4.7,0,0,0,60,120,'80'),(1439,NULL,1001,89,111,81,38,4.7,0,0,0,62,120,'80'),(1440,NULL,1001,89,106,81,36,4.7,0,0,0,64,120,'80'),(1441,NULL,1001,90,116,81,34,4.7,0,0,0,66,120,'80'),(1442,NULL,1001,90,111,81,32,4.7,0,0,0,68,120,'80'),(1443,NULL,1001,90,114,81,30,4.7,0,0,0,70,120,'80'),(1444,NULL,1001,90,109,81,28,4.7,0,0,0,72,120,'80'),(1445,NULL,1001,89,107,81,26,4.7,0,0,0,74,120,'80'),(1446,NULL,1001,90,130,81,24,4.7,0,0,0,76,120,'80'),(1447,NULL,1001,91,108,81,22,4.7,0,0,0,78,120,'80'),(1448,NULL,1001,90,110,81,20,4.7,0,0,0,80,120,'80'),(1449,NULL,1001,89,105,81,18,4.7,0,0,0,82,120,'80'),(1450,NULL,1001,89,109,81,16,4.7,0,0,0,84,120,'80'),(1451,NULL,1001,90,111,81,14,4.7,0,0,0,86,120,'80'),(1452,NULL,1001,90,107,81,12,4.7,0,0,0,88,120,'80'),(1453,NULL,1001,90,118,81,10,4.7,0,0,0,90,120,'80'),(1454,NULL,1001,90,117,81,8,4.7,0,0,0,92,120,'80'),(1455,NULL,1001,90,115,81,6,4.7,0,0,0,94,120,'80'),(1456,NULL,1001,91,121,81,4,4.7,0,0,0,96,120,'80'),(1457,NULL,1001,90,120,81,2,4.7,0,0,0,98,120,'80'),(1458,NULL,1001,90,75,81,100,4.7,0,0,0,0,120,'80'),(1459,NULL,1001,90,116,81,98,4.7,0,0,0,2,120,'80'),(1460,NULL,1001,89,118,81,96,4.7,0,0,0,4,120,'80'),(1461,NULL,1001,91,107,81,94,4.7,0,0,0,6,120,'80'),(1462,NULL,1001,90,109,81,92,4.7,0,0,0,8,120,'80'),(1463,NULL,1001,90,121,81,90,4.7,0,0,0,10,120,'80'),(1464,NULL,1001,90,117,81,88,4.7,0,0,0,12,120,'80'),(1465,NULL,1001,90,115,81,86,4.7,0,0,0,14,120,'80'),(1466,NULL,1001,90,118,81,84,4.7,0,0,0,16,120,'80'),(1467,NULL,1001,90,111,81,82,4.7,0,0,0,18,120,'80'),(1468,NULL,1001,91,119,81,80,4.7,0,0,0,20,120,'80'),(1469,NULL,1001,89,135,81,100,4.7,0,0,0,0,120,'80'),(1470,NULL,1001,90,51,81,98,4.7,0,0,0,2,120,'80'),(1471,NULL,1001,90,52,81,96,4.7,0,0,0,4,120,'80'),(1472,NULL,1001,89,52,81,94,4.7,0,0,0,6,120,'80'),(1473,NULL,1001,90,51,81,92,4.7,0,0,0,8,120,'80'),(1474,NULL,1001,90,50,81,90,4.7,0,0,0,10,120,'80'),(1475,NULL,1001,90,50,81,88,4.7,0,0,0,12,120,'80'),(1476,NULL,1001,88,57,81,86,4.7,0,0,0,14,120,'80'),(1477,NULL,1001,90,51,81,84,4.7,0,0,0,16,120,'80'),(1478,NULL,1001,90,51,81,82,4.7,0,0,0,18,120,'80'),(1479,NULL,1001,90,53,81,78,4.7,0,0,0,22,120,'80'),(1480,NULL,1001,89,51,101,72,4.7,0,0,0,28,120,'80'),(1481,NULL,1001,90,53,101,74,4.7,0,0,0,26,120,'80'),(1482,NULL,1001,90,47,81,80,4.7,0,0,0,20,120,'80'),(1483,NULL,1001,89,54,100,70,4.7,0,0,0,30,120,'80'),(1484,NULL,1001,89,52,102,76,4.7,0,0,0,24,120,'80'),(1485,NULL,1001,90,51,103,68,4.7,0,0,0,32,120,'80'),(1486,NULL,1001,89,52,86,66,4.7,0,0,0,34,120,'80'),(1487,NULL,1001,90,51,84,64,4.7,0,0,0,36,120,'80'),(1488,NULL,1001,90,52,83,62,4.7,0,0,0,38,120,'80'),(1489,NULL,1001,90,52,82,60,4.7,0,0,0,40,120,'80'),(1490,NULL,1001,90,49,82,58,4.7,0,0,0,42,120,'80'),(1491,NULL,1001,90,50,81,56,4.7,0,0,0,44,120,'80'),(1492,NULL,1001,90,51,81,54,4.7,0,0,0,46,120,'80'),(1493,NULL,1001,88,49,81,52,4.7,0,0,0,48,120,'80'),(1494,NULL,1001,89,50,81,50,4.7,0,0,0,50,120,'80'),(1495,NULL,1001,90,51,81,48,4.7,0,0,0,52,120,'80'),(1496,NULL,1001,90,51,81,46,4.7,0,0,0,54,120,'80'),(1497,NULL,1001,90,48,81,44,4.7,0,0,0,56,120,'80'),(1498,NULL,1001,90,50,81,42,4.7,0,0,0,58,120,'80'),(1499,NULL,1001,89,49,81,40,4.7,0,0,0,60,120,'80'),(1500,NULL,1001,90,50,81,38,4.7,0,0,0,62,120,'80'),(1501,NULL,1001,90,48,81,36,4.7,0,0,0,64,120,'80'),(1502,NULL,1001,90,47,81,34,4.7,0,0,0,66,120,'80'),(1503,NULL,1001,90,52,81,32,4.7,0,0,0,68,120,'80'),(1504,NULL,1001,90,50,81,30,4.7,0,0,0,70,120,'80'),(1505,NULL,1001,90,52,81,28,4.7,0,0,0,72,120,'80'),(1506,NULL,1001,89,49,81,26,4.7,0,0,0,74,120,'80'),(1507,NULL,1001,90,49,81,24,4.7,0,0,0,76,120,'80'),(1508,NULL,1001,91,52,81,22,4.7,0,0,0,78,120,'80'),(1509,NULL,1001,90,49,81,20,4.7,0,0,0,80,120,'80'),(1510,NULL,1001,90,51,81,18,4.7,0,0,0,82,120,'80'),(1511,NULL,1001,90,51,81,16,4.7,0,0,0,84,120,'80'),(1512,NULL,1001,90,50,81,14,4.7,0,0,0,86,120,'80'),(1513,NULL,1001,89,52,81,12,4.7,0,0,0,88,120,'80'),(1514,NULL,1001,89,49,81,10,4.7,0,0,0,90,120,'80'),(1515,NULL,1001,90,51,81,8,4.7,0,0,0,92,120,'80'),(1516,NULL,1001,89,52,81,6,4.7,0,0,0,94,120,'80'),(1517,NULL,1001,90,50,81,4,4.7,0,0,0,96,120,'80'),(1518,NULL,1001,90,49,81,2,4.7,0,0,0,98,120,'80'),(1519,NULL,1001,90,42,81,100,4.7,0,0,0,0,120,'80'),(1520,NULL,1001,90,51,81,98,4.7,0,0,0,2,120,'80'),(1521,NULL,1001,89,51,81,96,4.7,0,0,0,4,120,'80'),(1522,NULL,1001,90,51,81,94,4.7,0,0,0,6,120,'80'),(1523,NULL,1001,90,51,81,92,4.7,0,0,0,8,120,'80'),(1524,NULL,1001,90,52,81,90,4.7,0,0,0,10,120,'80'),(1525,NULL,1001,89,50,81,88,4.7,0,0,0,12,120,'80'),(1526,NULL,1001,90,51,81,86,4.7,0,0,0,14,120,'80'),(1527,NULL,1001,90,56,81,84,4.7,0,0,0,16,120,'80'),(1528,NULL,1001,89,52,81,82,4.7,0,0,0,18,120,'80'),(1529,NULL,1001,89,51,82,80,4.7,0,0,0,20,120,'80'),(1530,NULL,1001,91,51,86,78,4.7,0,0,0,22,120,'80'),(1531,NULL,1001,90,53,86,76,4.7,0,0,0,24,120,'80'),(1532,NULL,1001,90,51,90,74,4.7,0,0,0,26,120,'80'),(1533,NULL,1001,90,50,94,72,4.7,0,0,0,28,120,'80'),(1534,NULL,1001,89,53,92,70,4.7,0,0,0,30,120,'80'),(1535,NULL,1001,89,51,91,68,4.7,0,0,0,32,120,'80'),(1536,NULL,1001,90,50,90,66,4.7,0,0,0,34,120,'80'),(1537,NULL,1001,90,50,90,64,4.7,0,0,0,36,120,'80'),(1538,NULL,1001,90,51,90,62,4.7,0,0,0,38,120,'80'),(1539,NULL,1001,90,51,86,60,4.7,0,0,0,40,120,'80'),(1540,NULL,1001,90,50,88,58,4.7,0,0,0,42,120,'80'),(1541,NULL,1001,89,50,89,56,4.7,0,0,0,44,120,'80'),(1542,NULL,1001,91,51,90,54,4.7,0,0,0,46,120,'80'),(1543,NULL,1001,90,49,89,52,4.7,0,0,0,48,120,'80'),(1544,NULL,1001,176,83,89,50,4.7,0,0,0,50,120,'80'),(1545,NULL,1001,314,147,90,48,4.7,0,0,0,52,120,'80'),(1546,NULL,1001,291,142,89,46,4.7,0,0,0,54,120,'80'),(1547,NULL,1001,168,83,89,43,4.7,0,0,0,57,120,'80'),(1548,NULL,1001,98,54,89,41,4.7,0,0,0,59,120,'80'),(1549,NULL,1001,92,54,90,39,4.7,0,0,0,61,120,'80'),(1550,NULL,1001,84,48,89,37,4.7,0,0,0,63,120,'80'),(1551,NULL,1001,68,43,88,35,4.7,0,0,0,65,120,'80'),(1552,NULL,1001,68,42,89,33,4.7,0,0,0,67,120,'80'),(1553,NULL,1001,62,39,86,31,4.7,0,0,0,69,120,'80'),(1554,NULL,1001,248,121,86,29,4.7,0,0,0,71,120,'80'),(1555,NULL,1001,116,47,84,27,4.7,0,0,0,73,120,'80'),(1556,NULL,1001,176,76,83,25,4.7,0,0,0,75,120,'80'),(1557,NULL,1001,62,53,82,23,4.7,0,0,0,77,120,'80'),(1558,NULL,1001,366,154,81,21,4.7,0,0,0,79,120,'80'),(1559,NULL,1001,367,175,81,19,4.7,0,0,0,81,120,'80'),(1560,NULL,1001,367,185,81,17,4.7,0,0,0,83,120,'80'),(1561,NULL,1001,367,179,81,15,4.7,0,0,0,85,120,'80'),(1562,NULL,1001,40,38,81,13,4.7,0,0,0,87,120,'80'),(1563,NULL,1001,40,33,81,11,4.7,0,0,0,89,120,'80'),(1564,NULL,1001,40,31,81,9,4.7,0,0,0,91,120,'80'),(1565,NULL,1001,40,32,81,7,4.7,0,0,0,93,120,'80'),(1566,NULL,1001,367,170,81,5,4.7,0,0,0,95,120,'80'),(1567,NULL,1001,367,178,81,3,4.7,0,0,0,97,120,'80'),(1568,NULL,1001,367,158,81,1,4.7,0,0,0,99,120,'80'),(1569,NULL,1001,40,73,81,99,4.7,0,0,0,1,120,'80'),(1570,NULL,1001,200,100,81,97,4.7,0,0,0,3,120,'80'),(1571,NULL,1001,243,138,81,95,4.7,0,0,0,5,120,'80'),(1572,NULL,1001,160,90,81,93,4.7,0,0,0,7,120,'80'),(1573,NULL,1001,157,71,81,91,4.7,0,0,0,9,120,'80'),(1574,NULL,1001,202,101,81,89,4.7,0,0,0,11,120,'80'),(1575,NULL,1001,190,120,81,87,4.7,0,0,0,13,120,'80'),(1576,NULL,1001,230,125,81,85,4.7,0,0,0,15,120,'80'),(1577,NULL,1001,138,64,81,83,4.7,0,0,0,17,120,'80'),(1578,NULL,1001,279,150,81,81,4.7,0,0,0,19,120,'80'),(1579,NULL,1001,104,54,81,79,4.7,0,0,0,21,120,'80'),(1580,NULL,1001,224,121,81,77,4.7,0,0,0,23,120,'80'),(1581,NULL,1001,251,136,81,75,4.7,0,0,0,25,120,'80'),(1582,NULL,1001,113,51,81,73,4.7,0,0,0,27,120,'80'),(1583,NULL,1001,102,39,81,71,4.7,0,0,0,29,120,'80'),(1584,NULL,1001,164,63,81,69,4.7,0,0,0,31,120,'80'),(1585,NULL,1001,159,87,81,67,4.7,0,0,0,33,120,'80'),(1586,NULL,1001,250,134,81,65,4.7,0,0,0,35,120,'80'),(1587,NULL,1001,148,59,81,61,4.7,0,0,0,39,120,'80'),(1588,NULL,1001,141,80,81,63,4.7,0,0,0,37,120,'80'),(1589,NULL,1001,246,132,81,59,4.7,0,0,0,41,120,'80'),(1590,NULL,1001,236,124,81,49,4.7,0,0,0,51,120,'80'),(1591,NULL,1001,177,103,81,55,4.7,0,0,0,45,120,'80'),(1592,NULL,1001,283,152,81,53,4.7,0,0,0,47,120,'80'),(1593,NULL,1001,228,113,81,57,4.7,0,0,0,43,120,'80'),(1594,NULL,1001,110,51,81,51,4.7,0,0,0,49,120,'80'),(1595,NULL,1001,184,100,81,47,4.7,0,0,0,53,120,'80'),(1596,NULL,1001,272,152,81,45,4.7,0,0,0,55,120,'80'),(1597,NULL,1001,123,53,81,43,4.7,0,0,0,57,120,'80'),(1598,NULL,1001,285,145,81,41,4.7,0,0,0,59,120,'80'),(1599,NULL,1001,235,133,81,39,4.7,0,0,0,61,120,'80'),(1600,NULL,1001,213,134,81,37,4.7,0,0,0,63,120,'80'),(1601,NULL,1001,220,123,81,35,4.7,0,0,0,65,120,'80'),(1602,NULL,1001,114,43,81,33,4.7,0,0,0,67,120,'80'),(1603,NULL,1001,143,61,81,31,4.7,0,0,0,69,120,'80'),(1604,NULL,1001,190,88,81,29,4.7,0,0,0,71,120,'80'),(1605,NULL,1001,248,124,81,27,4.7,0,0,0,73,120,'80'),(1606,NULL,1001,89,35,81,21,4.7,0,0,0,79,120,'80'),(1607,NULL,1001,161,94,81,25,4.7,0,0,0,75,120,'80'),(1608,NULL,1001,198,89,81,19,4.7,0,0,0,81,120,'80'),(1609,NULL,1001,225,125,81,23,4.7,0,0,0,77,120,'80'),(1610,NULL,1001,122,52,81,17,4.7,0,0,0,83,120,'80'),(1611,NULL,1001,198,94,81,15,4.7,0,0,0,85,120,'80'),(1612,NULL,1001,366,170,81,11,4.7,0,0,0,89,120,'80'),(1613,NULL,1001,367,157,81,13,4.7,0,0,0,87,120,'80'),(1614,NULL,1001,91,55,81,9,4.7,0,0,0,91,120,'80'),(1615,NULL,1001,90,51,81,7,4.7,0,0,0,93,120,'80'),(1616,NULL,1001,91,51,81,5,4.7,0,0,0,95,120,'80'),(1617,NULL,1001,91,52,81,3,4.7,0,0,0,97,120,'80'),(1618,NULL,1001,91,51,81,1,4.7,0,0,0,99,120,'80'),(1619,NULL,1001,91,50,81,99,4.7,0,0,0,1,120,'80'),(1620,NULL,1001,91,52,81,97,4.7,0,0,0,3,120,'80'),(1621,NULL,1001,91,53,81,95,4.7,0,0,0,5,120,'80'),(1622,NULL,1001,91,52,81,93,4.7,0,0,0,7,120,'80'),(1623,NULL,1001,91,51,81,89,4.7,0,0,0,11,120,'80'),(1624,NULL,1001,91,53,81,91,4.7,0,0,0,9,120,'80'),(1625,NULL,1001,91,51,81,87,4.7,0,0,0,13,120,'80'),(1626,NULL,1001,91,53,81,83,4.7,0,0,0,17,120,'80'),(1627,NULL,1001,91,52,81,85,4.7,0,0,0,15,120,'80'),(1628,NULL,1001,91,52,81,77,4.7,0,0,0,23,120,'80'),(1629,NULL,1001,91,50,81,79,4.7,0,0,0,21,120,'80'),(1630,NULL,1001,90,53,81,81,4.7,0,0,0,19,120,'80'),(1631,NULL,1001,91,52,81,69,4.7,0,0,0,31,120,'80'),(1632,NULL,1001,90,53,81,75,4.7,0,0,0,25,120,'80'),(1633,NULL,1001,90,53,81,73,4.7,0,0,0,27,120,'80'),(1634,NULL,1001,91,53,81,67,4.7,0,0,0,33,120,'80'),(1635,NULL,1001,89,53,81,71,4.7,0,0,0,29,120,'80'),(1636,NULL,1001,91,53,81,61,4.7,0,0,0,39,120,'80'),(1637,NULL,1001,91,52,81,63,4.7,0,0,0,37,120,'80'),(1638,NULL,1001,91,53,81,59,4.7,0,0,0,41,120,'80'),(1639,NULL,1001,91,51,81,65,4.7,0,0,0,35,120,'80'),(1640,NULL,1001,91,52,81,57,4.7,0,0,0,43,120,'80'),(1641,NULL,1001,91,50,81,55,4.7,0,0,0,45,120,'80'),(1642,NULL,1001,90,53,81,53,4.7,0,0,0,47,120,'80'),(1643,NULL,1001,91,51,81,51,4.7,0,0,0,49,120,'80'),(1644,NULL,1001,91,50,81,49,4.7,0,0,0,51,120,'80'),(1645,NULL,1001,91,53,81,47,4.7,0,0,0,53,120,'80'),(1646,NULL,1001,91,52,81,45,4.7,0,0,0,55,120,'80'),(1647,NULL,1001,91,53,81,43,4.7,0,0,0,57,120,'80'),(1648,NULL,1001,90,50,81,41,4.7,0,0,0,59,120,'80'),(1649,NULL,1001,91,51,81,39,4.7,0,0,0,61,120,'80'),(1650,NULL,1001,92,52,81,37,4.7,0,0,0,63,120,'80'),(1651,NULL,1001,91,48,81,35,4.7,0,0,0,65,120,'80'),(1652,NULL,1001,92,51,81,33,4.7,0,0,0,67,120,'80'),(1653,NULL,1001,91,53,81,31,4.7,0,0,0,69,120,'80'),(1654,NULL,1001,92,50,81,29,4.7,0,0,0,71,120,'80'),(1655,NULL,1001,91,53,81,27,4.7,0,0,0,73,120,'80'),(1656,NULL,1001,91,51,81,25,4.7,0,0,0,75,120,'80'),(1657,NULL,1001,91,50,81,23,4.7,0,0,0,77,120,'80'),(1658,NULL,1001,91,53,81,21,4.7,0,0,0,79,120,'80'),(1659,NULL,1001,90,49,81,19,4.7,0,0,0,81,120,'80'),(1660,NULL,1001,91,53,81,17,4.7,0,0,0,83,120,'80'),(1661,NULL,1001,90,50,81,15,4.7,0,0,0,85,120,'80'),(1662,NULL,1001,91,50,81,13,4.7,0,0,0,87,120,'80'),(1663,NULL,1001,91,52,81,11,4.7,0,0,0,89,120,'80'),(1664,NULL,1001,91,51,81,5,4.7,0,0,0,95,120,'80'),(1665,NULL,1001,91,51,81,7,4.7,0,0,0,93,120,'80'),(1666,NULL,1001,91,50,81,3,4.7,0,0,0,97,120,'80'),(1667,NULL,1001,90,53,81,1,4.7,0,0,0,99,120,'80'),(1668,NULL,1001,91,51,81,99,4.7,0,0,0,1,120,'80'),(1669,NULL,1001,91,52,81,97,4.7,0,0,0,3,120,'80'),(1670,NULL,1001,91,53,81,95,4.7,0,0,0,5,120,'80'),(1671,NULL,1001,90,50,81,93,4.7,0,0,0,7,120,'80'),(1672,NULL,1001,91,52,81,91,4.7,0,0,0,9,120,'80'),(1673,NULL,1001,91,52,81,89,4.7,0,0,0,11,120,'80'),(1674,NULL,1001,91,53,81,87,4.7,0,0,0,13,120,'80'),(1675,NULL,1001,91,52,81,85,4.7,0,0,0,15,120,'80'),(1676,NULL,1001,91,52,81,83,4.7,0,0,0,17,120,'80'),(1677,NULL,1001,91,50,81,81,4.7,0,0,0,19,120,'80'),(1678,NULL,1001,90,53,81,79,4.7,0,0,0,21,120,'80'),(1679,NULL,1001,92,52,81,77,4.7,0,0,0,23,120,'80'),(1680,NULL,1001,91,50,81,75,4.7,0,0,0,25,120,'80'),(1681,NULL,1001,91,51,81,73,4.7,0,0,0,27,120,'80'),(1682,NULL,1001,90,53,81,71,4.7,0,0,0,29,120,'80'),(1683,NULL,1001,92,53,81,69,4.7,0,0,0,31,120,'80'),(1684,NULL,1001,92,52,81,67,4.7,0,0,0,33,120,'80'),(1685,NULL,1001,91,52,81,65,4.7,0,0,0,35,120,'80'),(1686,NULL,1001,90,52,81,63,4.7,0,0,0,37,120,'80'),(1687,NULL,1001,91,53,81,61,4.7,0,0,0,39,120,'80'),(1688,NULL,1001,90,50,81,59,4.7,0,0,0,41,120,'80'),(1689,NULL,1001,91,51,81,57,4.7,0,0,0,43,120,'80'),(1690,NULL,1001,90,51,81,55,4.7,0,0,0,45,120,'80'),(1691,NULL,1001,91,53,81,53,4.7,0,0,0,47,120,'80'),(1692,NULL,1001,90,53,81,51,4.7,0,0,0,49,120,'80'),(1693,NULL,1001,91,52,81,49,4.7,0,0,0,51,120,'80'),(1694,NULL,1001,91,52,81,47,4.7,0,0,0,53,120,'80'),(1695,NULL,1001,91,49,81,45,4.7,0,0,0,55,120,'80'),(1696,NULL,1001,90,57,81,43,4.7,0,0,0,57,120,'80'),(1697,NULL,1001,91,52,81,41,4.7,0,0,0,59,120,'80'),(1698,NULL,1001,91,50,81,39,4.7,0,0,0,61,120,'80'),(1699,NULL,1001,91,51,81,37,4.7,0,0,0,63,120,'80'),(1700,NULL,1001,91,51,81,35,4.7,0,0,0,65,120,'80'),(1701,NULL,1001,89,51,81,31,4.7,0,0,0,69,120,'80'),(1702,NULL,1001,89,53,81,29,4.7,0,0,0,71,120,'80'),(1703,NULL,1001,91,50,81,27,4.7,0,0,0,73,120,'80'),(1704,NULL,1001,91,53,81,33,4.7,0,0,0,67,120,'80'),(1705,NULL,1001,91,51,81,25,4.7,0,0,0,75,120,'80'),(1706,NULL,1001,90,53,81,23,4.7,0,0,0,77,120,'80'),(1707,NULL,1001,91,53,81,21,4.7,0,0,0,79,120,'80'),(1708,NULL,1001,90,51,81,19,4.7,0,0,0,81,120,'80'),(1709,NULL,1001,91,58,81,17,4.7,0,0,0,83,120,'80');
/*!40000 ALTER TABLE `sensordata` ENABLE KEYS */;
UNLOCK TABLES;
/*!40103 SET TIME_ZONE=@OLD_TIME_ZONE */;

/*!40101 SET SQL_MODE=@OLD_SQL_MODE */;
/*!40014 SET FOREIGN_KEY_CHECKS=@OLD_FOREIGN_KEY_CHECKS */;
/*!40014 SET UNIQUE_CHECKS=@OLD_UNIQUE_CHECKS */;
/*!40101 SET CHARACTER_SET_CLIENT=@OLD_CHARACTER_SET_CLIENT */;
/*!40101 SET CHARACTER_SET_RESULTS=@OLD_CHARACTER_SET_RESULTS */;
/*!40101 SET COLLATION_CONNECTION=@OLD_COLLATION_CONNECTION */;
/*!40111 SET SQL_NOTES=@OLD_SQL_NOTES */;

-- Dump completed on 2014-04-17  0:03:03
